,EQ,EQ,EQ,EQ,EQ,EQ,EQ,EQ,EM,EQ,EQ,EQ,RE,EQ,RE,EQ,EM,RE,EQ,EM,EQ,FI,FI,FI,FI,FI,FI,MACRO,MACRO,MACRO,MACRO,MACRO,MACRO,MACRO,MACRO,MACRO,IV1,IV1,IV1,IV1,IV1,IV1,IV1,IV1,IV1,IV2,IV2,IV2,IV2,IV2,IV2,IV2,IV2,IV2
,SPY US Equity,EFA US Equity,XLF US Equity,XLK US Equity,XLV US Equity,XLP US Equity,XLE US Equity,EWJ US Equity,EWZ US Equity,XLU US Equity,XLI US Equity,EZU US Equity,IYR US Equity,XLB US Equity,RWR US Equity,IXN US Equity,ISMUF US Equity,ICF US Equity,IYZ US Equity,ILF US Equity,IEV US Equity,TIP US Equity,AGG US Equity,IEF US Equity,TLT US Equity,SHY US Equity,LQD US Equity,FEDFUNDS,CPI,CREDIT,T10Y,GDP,T10Y3MM,UNRATE,OIL,EXCH,IV1M80,IV1M90,IV1M95,IV1M975,IV1M100,IV1M1025,IV1M105,IV1M110,IV1M120,IV2M80,IV2M90,IV2M95,IV2M975,IV2M100,IV2M1025,IV2M105,IV2M110,IV2M120
2006-05-31,132.7723,67.6617,27.8994,20.9802,31.1804,24.8518,57.2797,56.47,38.3939,34.2778,35.1008,45.4534,75.8892,33.6368,81.1902,52.3743,1.5333,88.3951,26.4638,26.9298,47.2381,110.5598,107.2118,87.9304,93.2253,84.9389,116.08868,4.99,201.8,3.12,5.12,15326.368,0.19,4.6,70.95,1.1016,31.85,24.32,19.12,16.49,13.82,11.59,10.18,10.37,12.92,28.43,21.44,17.74,15.9,14.09,12.46,11.02,9.42,9.74
2006-06-30,133.0711,67.6203,27.7711,20.8775,31.1912,25.3086,58.7347,55.01,40.6487,35.0648,35.0559,45.5828,79.3837,33.8112,85.8248,51.8275,1.4333,93.1128,27.4779,28.0458,47.5767,111.0323,107.0395,88.1321,94.3224,85.1393,115.9878,5.24,202.9,3.35,5.15,15326.368,0.01,4.7,74.41,1.117,27.14,20.69,16.08,13.76,11.6,9.82,9.61,10.69,12.72,24.85,19.01,15.86,14.17,12.54,11.09,9.89,8.95,10.36
2006-07-31,133.7196,68.1684,28.4065,20.3332,32.8931,25.7062,60.7011,54.73,41.0124,36.74800000000001,33.0652,46.1263,82.2805,32.5473,88.9537,49.8123,1.4333,97.1009,28.0564,28.7166,48.5141,112.7116,108.5252,89.6107,96.3516,85.705,117.68062,5.25,203.8,3.45,4.99,15456.928,-0.21,4.7,73.04,1.13135,29.51,21.72,16.79,14.54,12.43,10.52,9.94,10.37,11.58,25.54,19.7,16.49,14.89,13.3,11.71,10.38,10.0,11.02
2006-08-31,136.6377,69.9057,28.7414,21.7606,33.8317,26.7001,57.6169,55.3,40.7007,37.7579,33.4385,47.9173,84.7316,33.5268,91.8002,53.5186,1.61,100.5556,28.7206,28.8684,49.9724,114.5844,110.2504,91.1913,99.3079,86.3494,120.29867,5.25,202.8,3.49,4.74,15456.928,-0.21,4.5,63.8,1.10368,25.95,19.73,14.54,12.3,10.24,8.8,8.86,9.89,11.85,22.96,17.75,14.44,12.87,11.29,9.91,8.96,8.76,9.78
2006-09-30,140.326,70.0608,29.8977,22.6378,34.351,26.6869,55.5078,54.61,39.9733,37.209,34.7141,48.7559,86.7487,33.5223,93.6537,55.8578,1.7167,102.745,29.8575,29.1658,50.3058,114.7114,111.366,92.2249,101.187,86.7605,121.34945,5.25,201.9,3.42,4.64,15456.928,-0.32,4.4,58.89,1.118,23.5,18.94,14.48,12.24,10.09,8.4,8.47,10.76,13.84,23.12,17.93,14.59,12.95,11.39,9.9,8.74,8.95,10.14
2006-10-31,144.7487,72.6874,30.5972,23.5536,34.4648,27.1601,57.8755,55.7,43.6205,39.1795,35.6929,50.4175,92.3708,35.5354,99.2968,57.2148,1.7567,109.5163,30.9577,31.5084,52.264,114.6261,112.1295,92.7875,102.0651,87.0901,122.62023,5.25,202.0,3.29,4.61,15493.328,-0.47,4.5,59.08,1.12225,22.92,17.02,13.24,11.36,9.8,8.8,9.12,11.27,13.61,20.74,15.8,12.98,11.62,10.35,9.24,8.48,8.77,9.8
2006-11-30,147.627,74.9211,30.8131,24.2018,34.4234,26.9288,62.8396,55.7,46.0935,40.2195,36.5675,52.7468,96.6436,37.0822,104.1647,59.2806,2.0167,115.9743,30.7635,33.4551,54.139,115.8529,113.3193,94.0037,104.4193,87.51100000000002,124.35272,5.24,203.1,3.2,4.46,15493.328,-0.41,4.4,61.96,1.1403,25.43,19.06,13.93,11.46,9.4,8.05,7.69,8.44,10.73,22.6,16.69,13.44,11.88,10.42,9.18,8.18,7.86,8.89
2006-12-31,149.6006,77.3178,31.9721,24.0713,34.783,27.6039,61.0705,57.72,49.6894,40.5635,36.7462,54.464,94.9433,37.281,101.7702,59.18899999999999,2.1101,113.3638,32.1542,35.547,55.7644,113.1836,112.6387,92.805,101.6057,87.5675,123.23987,5.25,203.437,2.82,4.71,15493.328,-0.35,4.6,54.51,1.16575,25.1,18.83,13.53,11.23,9.03,7.44,7.33,8.37,10.63,22.28,17.21,13.9,12.32,10.76,9.31,8.16,7.58,9.68
2007-01-31,151.8506,78.3949,32.268,24.5577,35.8424,28.164,60.508,58.13,50.1137,40.4199,37.5124,55.2544,104.113,38.8232,110.8293,59.3717,2.1608,124.881,33.3472,36.48,56.4019,113.4471,112.5596,92.4335,100.5946,87.7099,123.35539,5.26,204.226,2.72,4.83,15582.085,-0.44,4.5,59.28,1.1769,23.15,17.58,13.44,11.25,9.06,7.35,7.42,9.39,12.82,20.68,16.15,13.02,11.46,9.89,8.45,7.33,7.14,9.58
2007-02-28,148.8717,78.3315,31.2847,23.854,34.9803,27.7942,59.2685,59.95,48.597,42.4746,37.1765,54.7538,100.3882,40.1084,107.7362,57.4942,2.0764,121.219,33.1845,34.8881,55.6741,115.6925,114.4007,94.3334,104.0045,88.3478,125.80072,5.26,205.288,2.82,4.56,15582.085,-0.52,4.4,60.44,1.16995,32.43,23.98,18.79,16.25,13.97,12.17,11.18,10.71,13.68,25.78,19.98,16.87,15.22,13.6,12.12,10.78,9.55,10.6
2007-03-31,150.5989,80.5279,31.1373,24.1334,35.0801,28.3042,62.9973,59.18,52.2031,44.0935,37.3929,57.0673,97.8519,40.8033,105.4422,57.9915,2.2114,117.4453,33.9111,37.3105,57.5546,116.0689,114.1661,94.2023,102.236,88.7459,124.97439,5.25,205.904,2.8,4.65,15582.085,-0.32,4.5,63.98,1.154,29.65,22.22,17.63,15.13,12.73,10.57,9.5,10.44,12.27,26.47,20.33,16.87,15.03,13.24,11.54,9.97,8.67,9.54
2007-04-30,157.2698,83.5902,32.3433,25.2718,37.6446,29.1007,66.2266,58.0,55.7455,46.2593,39.1284,60.6033,98.1389,41.4145,105.3606,60.7723,2.2553,117.3884,34.6303,39.4505,61.0396,116.8402,114.8392,94.7732,103.1607,89.01700000000002,126.08845,5.25,206.755,2.74,4.63,15666.738,-0.12,4.4,63.46,1.1097,30.1,22.96,17.35,14.79,12.49,10.63,9.87,9.74,9.91,26.69,19.65,16.04,14.29,12.62,11.12,9.95,9.19,10.0
2007-05-31,162.6044,85.5649,33.121,26.5447,38.291,29.4937,71.3788,59.3,62.8834,46.4703,41.1585,62.8957,98.2881,43.8595,105.3256,62.9746,2.414,116.3641,37.7359,44.0442,62.3677,115.3075,113.7863,93.453,100.7735,88.9572,124.53707,5.25,207.234,2.46,4.9,15666.738,0.36,4.6,67.49,1.0689,29.4,21.43,15.97,13.3,10.95,9.23,8.66,8.84,11.35,24.96,18.68,15.26,13.54,11.89,10.44,9.32,8.64,9.5
2007-06-30,160.2227,85.2903,31.7901,26.5112,37.0079,28.9058,72.3064,58.94,65.1425,44.2598,41.1692,62.1843,89.7304,43.6243,95.8354,63.8677,2.7347,103.7311,36.8826,44.5985,62.118,115.0727,113.3582,93.0178,99.7537,89.3796,123.53114,5.26,207.603,2.89,5.03,15666.738,0.04,4.7,74.12,1.06535,26.68,22.88,19.02,16.82,14.43,12.31,10.69,10.81,13.79,26.74,21.75,18.66,16.99,15.24,13.63,12.24,10.5,11.48
2007-07-31,155.2061,83.3368,28.908,26.4594,35.2471,28.083,72.3169,58.61,67.4546,42.493,41.5594,60.0764,81.5941,42.46100000000001,87.9702,63.6648,3.0723,96.1161,36.5434,44.9123,60.5137,117.7069,114.5729,95.1169,103.0622,90.188,122.51419,5.02,207.667,4.19,4.78,15761.967,0.35,4.6,72.36,1.06655,36.72,30.05,26.03,23.77,21.42,19.16,17.09,15.03,16.37,32.45,27.41,24.27,22.56,20.83,19.17,17.6,14.87,13.61
2007-08-31,157.1978,82.8088,29.6549,26.9668,36.0542,28.7455,73.1868,57.15,65.2804,43.1639,41.57,60.2134,85.8824,42.1702,92.942,65.5016,3.2074,102.4581,36.3136,44.3768,60.2215,118.6764,116.0401,97.2706,104.9049,91.2803,125.43565,4.94,208.547,4.55,4.54,15761.967,0.53,4.7,79.92,1.05565,36.34,30.01,25.93,23.4,20.73,18.15,15.88,13.86,15.26,33.53,28.47,24.98,23.01,20.98,19.03,17.17,14.14,12.99
2007-09-30,163.2812,87.2122,30.3783,27.9849,37.1781,30.0659,78.6004,58.25,78.0077,44.8198,43.5382,63.7126,89.4365,45.566,96.961,68.2217,3.3087,107.7081,37.1971,50.5185,63.3239,120.1952,116.7753,97.3568,105.1438,91.637,126.35641,4.76,209.19,4.16,4.59,15761.967,0.53,4.7,85.8,0.99225,32.44,25.04,20.71,18.36,15.97,13.62,11.83,11.69,14.85,29.33,23.72,20.51,18.76,16.94,15.2,13.55,11.06,11.39
2007-10-31,165.4964,90.9186,29.8561,29.4687,37.8723,30.5279,80.5969,58.33,90.788,47.804,42.9765,66.8692,90.1149,47.4596,97.8564,71.7028,4.6592,108.6554,35.5378,55.8277,66.1926,121.5962,117.9543,98.405,107.0507,92.075,127.57902,4.49,210.834,4.36,4.48,15671.383,0.8,4.7,94.77,0.9431,31.19,24.67,20.86,18.78,16.45,14.07,12.23,11.54,14.46,29.53,23.87,20.82,19.09,17.28,15.55,13.96,11.75,12.1
2007-11-30,159.0863,87.624,27.4396,27.2481,38.3561,31.3661,77.2028,57.15,85.8561,48.1194,41.7577,65.0142,81.8928,45.0682,88.4242,66.7399,4.0464,98.0267,32.1423,52.7463,63.988,126.5996,120.0692,102.3845,112.7727,93.7245,128.87497,4.24,211.445,5.75,3.97,15671.383,1.03,5.0,91.69,0.99865,33.34,27.61,25.19,23.53,21.65,19.61,17.54,15.05,16.19,31.96,28.04,25.39,23.86,22.28,20.7,19.1,16.13,14.27
2007-12-31,157.2835,85.0032,25.836,27.7887,37.271,31.1023,83.5906,54.55,86.8403,48.0316,41.6988,64.4845,77.7429,45.5428,83.61,66.6065,3.5679,92.7175,32.6272,52.7749,62.4044,126.673,120.0637,102.433,112.062,94.0044,127.83599,3.94,212.174,5.92,4.04,15671.383,0.92,5.0,92.97,0.9984,30.2,25.83,22.73,20.95,18.96,16.95,15.08,14.1,15.67,30.35,26.32,23.76,22.25,20.63,19.02,17.46,14.73,13.39
2008-01-31,147.774,78.3329,26.0235,24.2344,35.5716,29.3744,73.3195,52.21,82.31,44.5027,39.3987,57.8264,77.8257,43.6315,82.9102,58.5609,3.0073,91.956,29.024,50.9791,56.9139,131.1988,122.8407,105.8706,114.4045,95.5599,131.11602,2.98,212.687,6.95,3.67,15752.308,1.57,4.9,95.39,1.00285,37.97,31.19,27.94,26.04,24.01,21.96,19.99,17.85,18.67,33.94,29.3,26.65,25.15,23.6,22.07,20.6,17.8,15.84
2008-02-29,143.9551,77.5318,23.0675,23.0878,34.6216,29.2988,80.1142,51.43,89.8857,42.6759,38.6001,57.3508,74.5598,44.6363,80.0267,57.4608,2.8543,88.3593,26.0951,54.9164,56.6464,133.0647,122.6442,107.1811,113.8811,96.5475,130.18698999999998,2.61,213.448,7.67,3.53,15752.308,2.23,5.1,105.45,0.9878,34.31,30.34,27.81,26.37,24.79,23.09,21.3,18.94,19.95,34.73,30.44,28.04,26.7,25.26,23.79,22.36,19.72,17.27
2008-03-31,142.655,77.8565,22.3773,23.3541,33.0484,30.2466,78.2413,50.77,82.8911,43.3618,39.9991,58.7992,77.8854,44.0093,85.4038,57.6034,2.5485,95.1563,26.0125,53.5361,57.3123,132.8791,122.803,108.6154,116.3178,96.7865,129.40989,2.28,213.942,8.21,3.45,15752.308,2.37,5.0,112.58,1.0253,35.46,29.84,27.33,25.76,24.02,22.19,20.36,17.74,17.7,32.78,29.12,26.9,25.6,24.24,22.87,21.52,18.89,16.61
2008-04-30,149.4543,82.0904,23.9429,24.8137,33.3771,30.0186,86.3655,54.5,97.1923,45.5791,41.1756,61.1447,82.4078,46.3538,90.9421,61.5856,2.5485,101.2996,28.1384,58.6247,59.8502,130.2612,123.2088,105.9927,113.4401,95.982,131.02116999999998,1.98,215.208,6.86,3.77,15667.032,2.12,5.4,125.4,1.00795,32.82,25.68,22.41,20.73,19.05,17.4,15.93,14.5,15.48,30.0,24.71,22.18,20.82,19.47,18.14,16.82,14.74,14.19
2008-05-31,151.7135,83.065,22.2784,26.4298,34.0133,30.9305,90.8554,55.57,106.791,47.2134,41.5392,61.8688,83.0778,48.7641,90.6737,65.0686,3.1296,100.8498,29.9305,63.7239,60.0958,130.4006,121.651,104.1088,110.385,95.6495,128.12828000000002,2.0,217.463,6.57,4.06,15667.032,2.21,5.6,133.88,0.9934,29.59,22.97,19.34,17.61,15.92,14.26,12.85,12.64,14.58,28.36,23.0,20.36,18.98,17.55,16.13,14.72,12.54,12.55
2008-06-30,139.0456,75.7517,18.3935,23.9548,32.5768,29.1691,93.7244,51.42,96.7488,46.8652,36.5471,54.8681,73.4667,45.9323,80.8649,58.5056,2.8034,89.8235,26.9853,58.8747,54.4812,132.73,121.4246,105.2998,113.3122,95.8835,126.47138,2.01,219.016,7.35,3.99,15667.032,2.35,5.8,133.37,1.02155,35.16,28.63,25.42,23.8,22.09,20.46,18.99,17.26,17.61,32.61,27.8,25.35,23.97,22.53,21.11,19.76,17.22,15.02
2008-07-31,137.7961,73.2366,19.6372,23.3693,34.0362,29.8779,78.8099,49.48,88.0263,43.8484,36.8373,53.5299,75.2792,44.4463,83.2244,57.4017,2.7728,92.1785,26.0556,54.0577,53.0802,131.9204,121.9041,106.0593,112.8965,96.2996,126.96542,2.0,218.69,8.0,3.99,15328.027,2.14,6.1,116.67,1.0246,32.19,27.35,24.39,22.85,21.27,19.75,18.35,16.67,17.4,30.2,26.18,24.01,22.82,21.6,20.39,19.23,17.13,15.76
2008-08-31,139.9256,70.1258,19.4466,23.7875,34.7393,30.6848,79.0747,47.05,79.5097,43.3647,37.8474,51.4245,76.6446,43.7529,84.9539,58.107,2.5485,94.139,26.7949,50.2255,50.9731,132.946,122.8095,107.6787,115.9888,96.7482,127.15148,1.81,218.877,8.28,3.83,15328.027,2.54,6.1,104.11,1.06375,31.91,24.69,21.89,20.53,19.12,17.71,16.52,15.35,16.29,29.11,24.78,22.77,21.66,20.54,19.42,18.34,16.54,15.97
2008-09-30,126.7204,62.1061,18.2105,20.8256,32.1567,30.3014,67.2544,43.96,61.0138,38.592,33.274,44.4813,75.8223,36.9676,84.4686,49.7563,2.1611,92.7451,23.046,41.4799,44.6743,127.5999,120.6466,107.5262,117.6968,97.5007,113.50502,0.97,216.995,10.96,3.85,15328.027,3.12,6.5,76.61,1.06445,49.74,43.75,40.59,39.0,37.45,35.93,34.43,31.66,29.66,42.97,38.27,35.8,34.54,33.29,32.07,30.88,28.63,25.37
2008-10-31,105.7878,49.1664,14.2187,17.4684,28.4648,26.4808,54.611,37.11,40.8059,33.5749,27.2026,33.5514,52.0781,28.6886,58.0792,40.9662,1.5495,62.4228,18.3168,28.4739,35.1813,117.2655,117.8979,106.5958,115.5024,98.5768,111.29725,0.39,213.153,16.17,4.01,15155.94,3.34,6.8,57.31,1.2125,71.88,61.17,56.32,54.05,51.79,49.5,47.16,42.66,37.71,64.46,56.43,52.72,50.97,49.28,47.6,45.91,42.43,35.81
2008-11-30,98.4243,46.0335,11.591,15.9995,26.667,26.4259,53.42100000000001,35.71,38.0971,34.9802,24.9663,31.054,40.8547,25.6228,44.1782,36.2951,1.5291,47.5942,18.7015,26.3009,32.8165,118.2939,121.4717,114.8604,132.0656,99.6656,115.02528,0.16,211.398,19.78,2.93,15155.94,2.39,7.3,41.12,1.23985,65.71,57.69,53.96,52.06,50.16,48.32,46.59,43.48,38.23,61.6,55.11,52.04,50.59,49.2,47.83,46.48,43.8,39.08
2008-12-31,99.3923,50.1208,11.634,16.2526,28.5832,26.4319,51.0177,39.84,39.6891,34.1379,25.5449,34.9162,46.7418,25.4812,51.1465,38.057,2.0122,54.7315,18.9115,27.8737,35.3421,125.9871,129.5531,120.7758,150.0779,100.2235,130.90211000000002,0.15,211.933,18.12,2.25,15155.94,2.39,7.8,41.71,1.21878,50.32,41.89,38.1,36.28,34.58,32.99,31.53,29.1,26.43,47.68,41.98,39.07,37.62,36.2,34.84,33.53,30.93,26.36
2009-01-31,91.2308,43.2384,8.5861,15.4827,28.2387,24.5273,50.1099,35.05,40.2676,34.0791,22.4799,28.9163,39.347,23.5987,42.01,36.1336,2.0122,44.7093,17.6496,27.3484,30.1327,125.9364,126.9794,116.0811,130.4615,99.7878,128.54548,0.22,212.705,16.22,2.87,15134.117,2.57,8.3,39.09,1.2296,57.24,47.53,43.32,41.34,39.44,37.59,35.82,33.05,31.21,52.53,45.9,42.71,41.13,39.59,38.12,36.71,34.02,29.84
2009-02-28,81.4282,38.747,7.0622,14.8921,24.7398,22.5452,43.9305,30.65,38.7931,29.8104,18.6515,25.4258,31.563,21.705,32.8483,34.0456,1.5639,34.0926,17.3282,25.5974,26.9208,123.1688,125.6398,115.2257,128.4568,99.6424,121.85875,0.18,212.495,17.39,3.02,15134.117,2.6,8.7,47.94,1.27628,56.9,49.15,45.76,44.03,42.31,40.64,39.1,36.55,33.02,52.61,46.5,43.58,42.14,40.73,39.39,38.12,35.86,32.13
2009-03-31,88.2261,41.9983,8.2732,16.5587,26.2259,23.5041,45.589,32.85,42.7631,30.3795,20.3016,27.9467,32.6747,25.0409,33.9732,38.6227,1.5534,35.0742,18.4321,28.0598,29.0318,130.4432,127.0242,119.0402,133.65,100.14,122.43405,0.15,212.709,17.03,2.71,15134.117,2.77,9.0,49.65,1.2602,55.32,46.82,43.47,42.06,40.79,39.61,38.52,36.76,34.95,51.42,46.0,43.51,42.35,41.25,40.22,39.25,37.44,34.45
2009-04-30,96.991,46.8361,10.0763,18.2866,26.1934,24.5067,49.1536,35.39,51.1569,30.7362,23.9698,32.0417,42.3514,28.9419,44.7226,43.5187,2.1164,46.4708,19.9123,32.6342,32.7317,128.0994,127.6789,115.7718,124.3556,99.9749,125.83432,0.18,213.022,13.45,3.16,15189.222,3.11,9.4,59.03,1.1925,48.77,38.99,35.34,33.71,32.18,30.81,29.68,28.25,27.9,43.36,37.97,35.38,43.15,32.96,31.82,30.73,28.77,26.37
2009-05-31,102.6605,53.0146,11.4849,18.7106,27.9808,25.7543,55.4884,38.96,62.6133,31.8301,24.7739,36.2736,43.3139,30.6331,46.5764,45.2055,2.1373,48.1386,20.6292,39.3428,37.1126,130.6645,128.5871,113.3683,119.7628,100.0308,128.74753,0.21,214.79,11.76,3.47,15189.222,3.54,9.5,69.64,1.09154,25.7,35.17,30.77,28.79,26.97,25.3,23.89,22.22,22.02,39.74,33.43,30.46,28.98,27.59,26.32,25.13,22.91,20.33
2009-06-30,102.5914,52.2558,11.2784,19.3902,28.6423,25.8075,51.8568,39.42,60.5756,33.5444,24.3518,35.4499,42.2274,29.2436,44.3934,46.2097,2.6064,46.1305,20.7923,38.3787,36.4463,130.9268,129.1334,112.7425,120.6748,99.9364,132.47073999999998,0.16,214.726,10.55,3.53,15189.222,3.38,9.5,64.15,1.16235,42.73,33.41,29.18,26.99,24.93,23.0,21.19,18.64,18.26,36.91,30.71,27.58,26.07,24.65,23.31,22.03,19.76,17.97
2009-07-31,110.2453,57.5031,12.2789,20.9768,30.3406,27.525,54.6304,41.26,65.8704,34.8073,26.4809,39.2627,46.695,33.0068,49.0629,50.552,2.815,50.9438,21.0493,41.6266,40.4301,131.0427,130.7728,113.6798,121.3711,100.0465,138.608,0.16,215.445,9.22,3.52,15356.058,3.42,9.6,71.05,1.07761,39.51,30.39,26.61,24.9,23.42,22.18,21.22,20.17,19.83,35.24,28.92,26.11,24.84,23.71,22.71,21.86,20.61,19.5
2009-08-31,114.3177,60.0925,13.8739,21.3175,31.1571,27.8618,55.224,42.73,66.568,35.1561,27.7451,41.7188,52.8559,33.7889,56.2831,51.7507,2.7628,58.5295,20.7571,42.3889,42.6136,132.1483,132.3699,114.5511,124.0858,100.4558,140.4294,0.15,215.861,9.12,3.4,15356.058,3.28,9.8,69.41,1.09378,40.55,29.71,25.24,23.51,22.06,20.94,20.22,19.58,20.18,36.5,30.0,26.98,25.61,24.38,23.27,22.25,20.6,19.29
2009-09-30,118.3711,62.3739,14.1442,22.3042,31.3496,28.7812,58.4515,41.56,77.352,35.6393,29.3645,44.4556,56.0603,35.2151,60.1336,53.9056,2.815,62.9549,22.2818,47.4044,44.7623,134.8205,133.9435,115.8388,127.1376,100.6925,142.90312,0.12,216.509,7.93,3.31,15356.058,3.32,10.0,75.72,1.0695,40.5,30.34,25.81,23.78,21.99,20.5,19.46,18.49,19.27,35.15,28.73,25.55,24.06,22.69,21.44,20.31,18.67,17.62
2009-10-31,116.0954,60.7998,13.3016,22.0263,30.6935,29.1995,59.8933,39.92,78.7128,34.4971,28.1939,42.4206,53.275,33.394,57.4795,52.5878,2.815,59.8732,20.486,47.5812,43.7402,136.364,134.2396,115.6772,123.8067,100.8292,142.19874,0.12,217.234,7.66,3.41,15415.145,3.35,9.9,77.99,1.08475,46.45,35.42,30.11,27.75,25.69,23.87,22.36,20.92,21.59,38.76,31.69,28.21,26.66,25.25,23.94,22.71,20.81,19.84
2009-11-30,123.2476,63.1838,13.8791,23.2447,33.5474,30.2734,61.5952,39.97,87.4498,36.1618,30.6688,44.4907,57.0457,36.9906,61.4013,54.8198,2.8671,64.3533,21.951,52.8839,45.6798,140.1805,135.9667,118.013,125.3106,101.4308,144.97582,0.12,217.347,7.65,3.21,15415.145,3.54,9.9,74.47,1.0563,40.39,29.52,24.47,22.23,20.33,18.87,17.94,17.24,18.24,34.53,27.55,24.3,22.79,21.42,20.23,19.22,17.79,16.55
2009-12-31,125.5982,63.6283,13.6831,24.593000000000004,34.1609,30.2065,62.1363,41.08,88.0552,38.1366,31.1818,44.172,60.978,37.7561,65.632,58.026,2.6499,68.6111,23.8728,53.3049,45.593,137.2512,133.4085,112.8181,117.36,100.5769,141.98076,0.11,217.488,6.39,3.85,15415.145,3.67,9.8,78.33,1.05325,39.0,28.0,22.15,19.77,17.74,16.26,15.61,15.74,18.39,33.11,25.87,22.42,20.84,19.4,18.05,16.87,15.7,15.21
2010-01-31,121.0337,60.4054,13.4741,22.479,34.3918,29.8984,59.4006,41.51,76.3476,36.3048,30.7218,40.659,57.6715,34.4943,61.7775,54.2238,2.6499,64.4307,21.7264,47.5383,42.5855,139.3516,135.296,115.4922,120.5195,101.377,143.75297,0.13,217.281,6.46,3.63,15557.277,3.58,9.8,76.39,1.07044,38.98,29.61,25.27,23.08,21.04,19.34,18.21,17.11,17.62,35.25,28.38,24.98,23.23,21.61,20.18,18.92,17.05,15.72
2010-02-28,124.8093,60.5666,13.9492,23.263,34.5238,30.8456,61.1881,41.93,80.6907,35.8253,32.36,39.4447,60.8187,36.0508,65.2852,55.84,2.6605,68.0886,22.3107,50.1372,42.1525,137.5358,135.5652,115.8697,120.1104,101.5398,144.48406,0.16,217.353,6.66,3.61,15557.277,3.58,9.9,81.2,1.05175,35.77,26.0,21.15,18.74,16.36,14.56,13.78,15.26,18.24,31.08,24.39,21.03,19.35,17.66,16.18,15.06,13.83,14.97
2010-03-31,132.4108,64.434,15.1911,24.8548,35.4447,32.0083,62.9147,44.04,86.9104,36.789,35.1739,42.3565,66.7465,38.9055,72.119,59.9321,2.7877,75.4423,24.05,53.8403,44.8675,137.5285,135.5555,114.6505,117.639,101.2661,145.42453,0.2,217.403,5.84,3.84,15557.277,3.69,9.9,84.29,1.0153,30.38,21.83,17.61,15.52,13.45,11.59,10.1,9.18,8.66,28.05,21.58,18.41,16.83,15.27,13.89,12.79,11.3,10.15
2010-04-30,134.46200000000002,62.6269,15.3901,25.1657,34.0658,31.6645,65.5288,43.83,85.2788,37.7565,36.6714,40.2581,71.0103,38.9858,77.0691,60.9267,2.7559,80.816,24.4825,53.3941,43.1004,140.9868,136.875,116.5461,121.5474,101.5696,148.19717,0.2,217.29,5.61,3.69,15671.967,3.26,9.6,73.74,1.0179,38.11,28.06,23.08,20.6,18.13,15.94,14.22,12.12,12.44,33.97,26.27,22.49,20.61,18.76,17.13,15.85,14.25,14.32
2010-05-31,123.7747,55.6172,13.9815,23.2838,31.8484,30.1976,58.0254,40.11,74.9667,35.6727,33.3274,35.1773,66.9744,35.2696,72.89699999999998,55.0733,2.6499,76.9569,23.5455,47.7502,38.197,141.2579,138.3568,119.966,127.7572,102.0302,146.25756,0.18,217.199,6.98,3.29,15671.967,3.08,9.4,75.34,1.04453,47.16,36.89,31.61,28.94,26.24,23.82,21.87,19.43,20.85,42.59,34.46,30.33,28.27,26.2,24.26,22.49,19.42,15.04
2010-06-30,117.3712,54.4638,13.18,22.0272,31.2685,29.4341,54.5852,39.09,73.2735,35.4215,31.0355,34.3528,63.8584,32.683,69.0077,51.6994,2.6817,72.8764,22.651,46.9952,37.4814,143.0677,140.8028,123.6222,135.1609,102.4572,151.05363,0.18,217.605,7.13,2.97,15671.967,2.85,9.4,76.32,1.06391,47.85,38.99,34.37,32.0,29.6,27.38,25.5,22.67,20.75,44.6,37.15,33.37,31.48,29.58,27.77,26.08,23.07,18.26
2010-07-31,125.3878,60.7872,14.0389,23.6685,31.6788,31.1425,59.1559,40.91,83.4059,38.0662,34.2715,39.5148,69.8642,36.8764,75.85300000000002,55.9598,2.7559,80.3751,24.6903,52.8838,42.6582,142.7218,142.007,124.7471,133.8805,102.6555,154.24129,0.19,217.923,6.57,2.94,15750.625,2.54,9.5,76.6,1.02975,37.15,28.29,24.1,22.1,20.16,18.5,17.24,15.96,16.52,35.33,28.4,25.0,23.31,21.64,20.09,18.73,16.48,14.01
2010-08-31,119.7478,58.4803,12.9362,22.3404,31.1576,30.5653,56.2553,39.85,80.2891,38.6177,31.8954,36.7593,68.9579,35.7589,74.8925,51.6578,2.8089,79.5655,24.314,51.2953,40.6377,145.4932,143.8342,128.9351,145.1216,102.9002,158.64743,0.19,218.275,6.92,2.47,15750.625,2.5,9.5,75.24,1.0656,38.21,30.81,27.19,25.4,23.62,22.0,20.63,18.69,18.58,36.91,30.94,27.92,26.41,24.88,23.41,22.02,19.46,15.26
2010-09-30,130.4716,64.312,13.7213,24.9453,33.9816,32.412,61.8799,42.0,91.1895,39.7364,35.5704,41.6686,72.1644,38.5321,78.2117,57.7602,2.9679,82.7622,26.6137,57.3427,45.2526,146.6363,143.8463,128.9337,141.4732,103.0219,159.37689,0.19,219.035,6.26,2.53,15750.625,2.41,9.4,81.89,1.02923,37.04,28.16,23.92,21.92,20.0,18.38,17.22,16.3,16.72,34.76,28.01,24.7,23.06,21.43,19.95,18.68,16.73,14.57
2010-10-31,135.4559,66.7594,13.9265,26.3866,34.7394,33.4466,65.3901,42.57,91.2985,40.167,36.5939,44.1954,75.003,40.9065,81.6489,60.9206,3.2859,86.2513,26.9435,59.1354,47.3688,150.2644,144.065,128.9249,135.1531,103.2485,158.96063999999996,0.19,219.59,5.82,2.63,15712.754,2.62,9.8,84.25,1.0194,33.68,25.92,22.18,20.39,18.65,17.17,16.08,15.12,16.27,30.85,24.9,22.03,20.62,19.21,17.91,16.76,14.84,12.26
2010-11-30,135.4588,63.5391,13.8318,25.9531,33.7364,32.9235,69.2203,43.63,88.7032,38.9513,37.0828,39.2982,73.8123,41.365,80.2031,60.0474,3.2859,84.4332,26.6626,57.9895,43.4951,147.7202,142.8618,127.767,132.8724,103.0366,156.39292,0.18,220.472,6.22,2.81,15712.754,3.15,9.3,89.15,1.0264,36.81,28.4,24.2,22.1,20.01,18.16,16.75,15.3,16.34,33.56,26.93,23.7,22.11,20.53,19.05,17.74,15.53,13.1
2010-12-31,144.5104,68.8129,15.3123,27.3948,35.2894,34.371,75.6703,46.67,94.8709,40.1578,39.8565,42.7815,77.1858,45.5143,83.9837,64.0798,2.9492,88.5776,28.8146,61.5734,47.2692,145.6737,141.9031,123.3919,127.9763,102.8679,155.22288,0.17,221.187,5.41,3.3,15712.754,3.24,9.1,89.17,0.998,32.29,23.67,19.37,17.33,15.36,13.77,12.86,13.22,13.43,29.71,23.05,19.87,18.32,16.78,15.39,14.22,12.43,11.35
2011-01-31,147.8775,70.2549,15.7443,28.2648,35.491,33.8667,81.1031,46.75,89.7228,40.6447,41.4224,45.4986,79.9444,45.5498,86.8052,66.5892,3.0249,92.3245,28.3584,58.7268,49.3511,145.7008,141.7824,123.3656,124.0332,103.0026,155.28014,0.16,221.898,5.08,3.42,15825.096,3.45,9.0,88.58,1.00096,37.69,26.34,20.77,18.04,15.35,13.21,11.96,12.89,14.54,31.1,23.26,19.56,17.76,15.98,14.38,13.02,10.77,9.5
2011-02-28,153.0143,72.7488,16.1763,28.8847,36.599,34.8518,87.0791,49.32,91.0343,41.1444,42.3025,46.8328,83.5582,46.7585,90.9342,67.3613,3.0357,96.597,28.7282,59.6986,50.8673,146.7514,142.1953,123.1104,126.0821,102.8772,156.95814,0.14,223.046,4.78,3.42,15825.096,3.31,9.0,102.86,0.97158,35.9,25.3,19.98,17.37,14.8,12.66,11.23,10.49,11.23,30.85,23.16,19.42,17.57,15.72,14.03,12.58,10.24,8.67
2011-03-31,153.0307,71.0113,15.7752,28.4388,37.2614,35.2845,88.7196,44.12,95.0057,41.237,43.2393,46.9905,82.6416,47.5774,89.4821,65.2954,2.9708,95.1902,29.5774,61.4934,50.3258,148.4965,141.8784,122.9204,126.1177,102.7431,156.1102,0.1,224.093,4.77,3.47,15825.096,3.4,9.1,109.53,0.9706,35.1,24.6,19.45,16.65,14.6,12.62,11.86,13.88,18.65,29.36,22.78,19.24,17.45,15.67,14.08,12.65,12.28,15.73
2011-04-30,157.4627,75.0063,15.7656,29.1781,39.6585,37.1713,89.5306,45.04,95.2631,42.9061,44.4274,50.7386,86.4954,48.5879,94.815,67.2987,3.1869,100.8503,30.4714,61.9278,54.5617,152.0258,144.1022,125.1833,129.0649,103.2922,160.01641999999995,0.09,224.806,4.71,3.32,15820.7,3.13,9.0,100.9,0.94506,33.41,21.71,16.3,14.01,11.96,10.55,10.78,13.93,19.63,27.71,20.07,16.75,15.12,13.52,12.23,11.29,11.57,15.75
2011-05-31,155.6968,73.3516,15.2458,28.8726,40.6376,38.103,85.7827,43.93,92.1988,43.8248,43.1991,48.3248,87.3719,47.2564,96.1863,65.911,3.1869,102.642,31.8497,59.8815,52.7567,152.4284,145.8887,128.3206,133.4818,103.6684,162.04693999999995,0.09,224.806,5.09,3.05,15820.7,2.96,9.1,96.26,0.96848,33.2,22.32,17.15,14.97,12.63,11.01,10.94,13.83,18.98,27.43,20.5,17.13,15.5,13.91,12.46,11.32,11.3,14.81
2011-06-30,153.0675,72.477,14.8267,28.1559,40.1803,37.086,84.1341,45.0,91.2839,43.7593,42.9624,48.177,84.6586,47.0669,92.9832,63.9625,3.1869,99.124,31.0435,59.8992,51.7409,153.5692,145.2371,127.6712,130.3746,103.6635,160.75242,0.07,225.395,5.42,3.18,15820.7,2.96,9.0,97.3,0.96336,34.23,23.58,18.06,15.56,13.29,11.61,11.48,14.66,20.38,28.43,21.52,17.96,16.18,14.59,13.09,11.72,12.03,15.66
2011-07-31,150.0055,70.7536,14.2906,28.2765,38.5857,36.611,85.3624,46.21,87.8242,43.3541,40.0091,44.5417,84.8411,45.441,94.5748,64.0044,2.9384,100.9559,29.2108,57.474,49.294,159.5563,147.6859,131.7181,136.1303,103.9606,164.65955,0.1,226.106,5.51,2.82,16004.107,2.28,9.0,86.33,0.95521,41.0,31.78,26.96,24.53,22.15,19.88,17.8,16.75,22.26,34.13,27.43,23.9,22.09,20.34,18.64,17.02,14.75,17.34
2011-08-31,141.7589,64.5592,12.9238,26.7755,37.7715,36.6822,76.6419,42.5,81.5146,44.2952,37.3787,39.1074,80.3344,42.249,89.4649,59.7402,2.5387,95.5151,27.9142,54.631,44.4741,160.5814,149.9304,137.8439,149.286,104.3189,165.21782,0.08,226.597,7.3,2.23,16004.107,1.97,9.0,85.52,0.9777,46.72,36.5,31.83,29.48,27.17,24.9,22.83,20.84,24.37,41.67,34.05,30.35,28.44,26.54,24.7,22.97,19.98,19.55
2011-09-30,131.9138,57.5815,11.4518,25.952,36.0756,35.472,65.5885,40.82,64.7263,44.3862,33.8977,33.8964,71.7586,35.2803,79.5118,57.2571,2.5387,84.5723,25.6407,45.1158,39.1868,160.5674,151.0849,140.9251,168.991,104.2135,165.79723,0.07,226.75,8.41,1.92,16004.107,2.13,8.8,86.32,1.05034,55.1,46.46,42.21,40.0,37.73,35.44,33.19,29.28,27.56,50.1,43.0,39.39,37.59,35.81,34.08,32.38,29.2,25.14
2011-10-31,146.3118,63.1251,13.0857,28.6022,38.1562,37.1224,78.1434,40.56,77.6193,46.0101,38.7701,38.1768,81.2233,41.4038,91.06,63.71100000000001,2.1606,97.1561,26.609,52.786,44.0437,163.8895,151.2753,139.11,162.5088,104.249,169.95656,0.08,227.169,7.07,2.17,16129.418,2.0,8.6,97.16,1.00075,45.42,35.16,30.3,27.85,25.53,23.4,21.47,19.62,25.05,39.81,32.15,28.53,26.69,24.92,23.26,21.69,18.93,19.9
2011-11-30,145.7172,61.7512,12.4215,28.1734,38.52,38.151,79.4438,40.69,73.4503,46.4853,39.3153,36.5639,78.2434,41.4879,87.463,63.0195,2.1606,93.2693,26.4958,50.6161,42.6912,164.7443,150.7725,139.9137,165.72799999999995,104.2959,164.58903,0.07,227.223,7.79,2.08,16129.418,1.97,8.5,98.56,1.01738,41.67,32.42,28.45,26.4,24.34,22.4,20.65,19.89,23.94,38.08,31.52,28.3,26.64,24.98,23.35,21.83,19.31,19.03
2011-12-31,147.2385,60.3841,12.6866,28.1088,39.6634,39.2088,77.8182,39.77,71.9446,48.0356,39.4136,35.0022,81.4457,40.5406,91.52,61.8728,2.1606,97.5843,26.6737,50.1959,41.8955,165.014,152.8174,142.6954,171.4362,104.3496,170.32587,0.08,227.842,7.38,1.89,16129.418,1.94,8.3,100.27,1.02126,36.61,32.11,28.03,25.29,23.21,20.8,18.11,16.51,20.19,35.22,32.55,29.89,28.08,25.92,23.38,20.66,17.11,18.62
2012-01-31,154.0666,63.5661,13.7162,29.8539,40.9325,38.6536,79.5743,41.67,82.2368,46.3001,42.2981,37.4737,86.8219,44.994,97.3323,66.2147,2.5113,103.4488,26.9785,54.7827,44.1803,168.7897,153.9263,143.9255,170.8707,104.4361,173.97913,0.1,228.329,6.61,1.83,16198.807,1.88,8.3,102.2,1.00255,36.39,25.64,20.31,18.23,16.57,15.04,14.1,16.54,22.11,31.57,24.33,20.8,19.15,17.62,16.11,14.67,13.97,17.1
2012-02-29,160.754,66.6383,14.4042,31.9689,41.367,40.1018,84.2909,43.61,86.7245,46.5804,43.4776,39.5312,86.2197,44.7399,96.2949,71.2733,2.7904,102.1564,28.2741,57.3297,46.4154,167.8139,153.9061,142.3432,166.4374,104.2894,176.81828000000004,0.13,228.807,5.98,1.98,16198.807,2.09,8.2,106.16,0.98992,36.25,25.49,19.4,16.83,14.69,13.09,13.01,14.38,17.13,32.25,23.67,19.66,17.84,16.23,14.63,13.1,12.23,12.84
2012-03-31,165.9233,66.9187,15.463,33.4183,43.2196,41.3457,81.0749,44.42,81.0584,47.2204,43.8971,39.5814,90.0858,44.9102,101.2865,74.6035,2.8015,107.3489,28.3311,56.1623,46.3781,166.3715,153.0245,140.0784,159.3903,104.2094,174.30677,0.14,229.187,5.95,2.23,16198.807,1.97,8.2,103.32,0.99872,32.71,22.43,17.37,15.12,13.02,11.23,10.49,10.78,15.11,28.81,21.17,17.61,15.84,14.26,12.78,11.69,11.09,11.59
2012-04-30,164.8156,65.5289,15.1057,33.0416,43.1047,41.467,80.4986,42.52,75.5362,48.0491,43.4219,37.3608,92.4139,44.5458,104.361,72.833,2.7681,110.2904,27.961,53.9337,45.2482,169.338,154.4112,143.593,167.0933,104.4199,176.19216,0.16,228.713,6.04,1.95,16220.667,1.71,8.2,94.66,0.98725,32.18,23.31,18.91,16.7,14.63,12.65,12.3,12.92,14.01,29.59,22.5,19.01,17.32,15.65,13.93,12.54,11.94,11.99
2012-05-31,154.9175,58.2262,13.7156,30.9474,41.5418,40.9817,71.8996,38.81,65.2378,48.3186,40.6765,32.5433,88.5242,41.0837,99.5705,66.6573,2.7681,105.3039,27.0677,47.36600000000001,39.8964,172.6338,156.0767,147.7142,182.1771,104.4788,177.52755,0.16,228.524,6.96,1.59,16220.667,1.53,8.2,82.3,1.0328,38.27,29.81,25.52,23.35,21.24,19.11,17.12,16.15,18.49,35.78,28.37,24.79,22.99,21.13,19.13,17.28,15.53,15.37
2012-06-30,161.202,62.3657,14.3952,31.9501,43.9076,42.4722,75.3512,41.48,66.1447,50.3033,42.0457,35.4783,93.2619,43.0994,105.0475,68.4793,2.7681,110.9523,28.891,49.6266,43.0423,171.4749,156.0456,147.0999,179.1107,104.3772,179.07047,0.16,228.59,6.36,1.67,16220.667,1.43,8.2,87.9,1.01655,32.94,23.63,19.34,17.19,15.12,13.29,12.67,13.69,16.53,30.39,23.1,19.75,18.03,16.34,14.67,13.27,12.25,13.25
2012-07-31,163.10299999999995,62.4156,14.4198,32.5452,44.3524,43.5227,79.075,39.63,67.1107,51.5681,42.2108,35.1293,95.4427,42.5498,107.022,69.0187,2.3997,113.4214,30.6267,50.309,43.2978,174.4817,158.1708,149.1601,185.9436,104.6075,185.30498,0.13,229.918,6.16,1.51,16239.138,1.58,8.1,94.13,1.00312,33.45,24.38,20.14,18.2,16.35,14.97,14.25,14.76,16.4,30.28,23.26,19.88,18.24,16.69,15.16,13.93,13.09,12.59
2012-08-31,167.1892,64.4129,14.9116,33.9133,44.8723,43.315,81.2094,39.94,67.4562,49.433,42.8591,37.4558,95.7344,43.5391,106.7193,71.7896,2.3997,113.0827,30.9868,49.7822,45.2264,174.0507,158.1713,148.9863,183.4924,104.6149,185.20566,0.14,231.015,5.98,1.57,16239.138,1.61,7.8,94.51,0.98627,34.12,23.82,18.92,16.43,14.31,13.03,12.18,13.24,16.44,29.8,22.56,19.66,17.93,16.21,14.71,13.47,11.49,12.03
2012-09-30,171.4285,66.1605,15.3986,34.4273,46.58,44.0711,83.7448,40.42,69.1707,50.011,43.3385,38.8387,94.6761,45.1802,104.5569,73.1222,2.3997,110.6256,33.0164,50.9795,46.6441,174.9415,158.5896,148.4676,178.845,104.6317,187.24400000000003,0.16,231.638,5.72,1.65,16239.138,1.65,7.8,89.49,0.98375,33.43,23.02,17.53,15.01,12.97,11.39,11.11,12.48,16.03,28.48,20.96,17.37,15.64,14.07,12.59,11.34,10.44,11.88
2012-10-31,168.3088,66.8783,15.7041,32.2444,46.4743,43.536,82.04,39.92,68.2623,50.7053,43.2903,39.8339,94.1172,44.235,103.627,69.7802,2.3997,109.2191,31.5809,50.6682,47.4232,176.0334,158.5176,147.8796,177.9775,104.5596,189.76264,0.16,231.249,5.63,1.72,16382.964,1.56,7.7,86.53,0.99943,33.5,24.28,20.04,17.99,16.21,14.69,14.1,15.37,18.92,28.98,22.23,18.89,17.29,15.81,14.43,13.24,12.99,14.28
2012-11-30,169.2673,68.7446,15.5665,32.5342,46.7194,44.3356,81.0363,41.11,65.9975,48.5405,44.0503,41.191,93.5731,45.0574,103.133,70.8272,2.6788,108.5509,30.8825,49.86600000000001,48.5088,177.0156,158.9465,149.3284,180.4372,104.6119,188.97181,0.16,231.221,5.65,1.62,16382.964,1.65,7.9,87.86,0.99435,30.96,22.15,17.91,15.83,14.04,12.53,12.2,13.2,15.23,26.05,20.16,17.26,15.8,14.43,13.15,12.13,11.44,11.85
2012-12-31,170.7844,71.7477,16.2916,32.4081,46.554,43.4187,81.8661,43.43,72.2472,48.5354,45.2958,43.4053,96.2752,46.4991,106.962,71.7134,2.8822,112.5666,31.6499,53.0903,50.5004,175.5587,158.5572,147.923,175.9469,104.6379,188.34658,0.14,231.679,5.34,1.78,16382.964,1.84,8.0,94.76,0.99215,33.78,24.87,20.41,18.14,16.09,14.19,12.87,13.22,15.28,29.24,22.71,19.31,17.63,16.07,14.55,13.12,11.92,12.08
2013-01-31,179.5269,74.4228,17.2756,33.0259,50.0905,45.8696,88.6634,44.41,73.3191,50.8419,47.9012,45.0398,100.1458,48.3323,110.6265,72.6084,3.0774,115.8058,32.5762,55.0885,52.8134,174.6477,157.5723,146.0101,170.3424,104.6503,185.90254,0.15,232.937,4.95,2.02,16403.18,1.88,7.7,95.31,0.9972,30.81,21.94,16.72,14.12,11.96,10.44,10.37,12.18,15.71,26.48,19.56,15.97,14.18,12.59,11.19,10.29,10.56,12.2
2013-02-28,181.8175,73.4575,17.4844,33.2843,50.7209,47.3873,89.0532,45.48,71.20100000000002,52.0233,48.9649,42.9643,101.4112,47.6759,111.5207,73.0133,3.0774,116.1497,31.1411,52.4969,50.9887,174.9803,158.5046,147.6645,172.4577,104.7131,187.90364,0.14,232.282,4.98,1.89,16403.18,1.87,7.5,92.94,1.03065,33.72,23.6,17.95,15.29,12.77,10.66,10.67,12.13,15.65,28.12,20.18,16.62,14.8,13.09,11.37,10.17,9.69,10.22
2013-03-31,188.7221,74.4228,18.1605,34.1432,53.9412,49.7228,91.318,48.11,70.3616,54.8133,50.1252,42.3546,104.3179,48.7304,114.4013,74.3384,3.0774,119.012,31.8759,52.8602,51.0272,175.3534,158.6614,148.0872,171.7322,104.7483,187.81495,0.15,231.797,4.86,1.86,16403.18,1.7,7.6,92.02,1.01736,28.78,20.26,15.66,13.23,10.77,8.92,9.27,10.63,12.54,25.26,18.47,15.24,13.5,11.76,10.12,9.19,8.96,10.77
2013-04-30,192.3479,78.1578,18.6501,34.741,55.4899,51.1856,90.1205,52.12,71.2269,58.0796,49.7531,44.7934,110.2935,49.1906,122.1529,75.5596,3.0774,127.485,35.1553,52.4727,53.3274,176.7458,160.1983,150.3449,179.775,104.8202,191.89821,0.11,231.893,4.55,1.7,16531.685,1.89,7.5,94.51,1.00734,28.86,20.83,16.08,13.71,11.47,9.86,10.33,12.11,14.57,24.7,18.77,15.43,13.73,12.04,10.51,9.71,10.36,11.8
2013-05-31,196.8831,75.7982,19.7872,35.711,56.4044,50.0729,92.6881,48.29,65.725,52.8226,52.2498,45.3771,103.1318,50.1234,114.8731,77.6851,2.9281,119.214,34.3551,49.0334,53.4045,169.3348,156.9918,145.6759,167.6163,104.6796,185.72146,0.09,232.445,4.62,2.16,16531.685,2.25,7.5,95.77,1.0375,31.82,23.37,18.66,16.51,14.33,12.34,11.5,11.14,13.96,27.24,20.82,17.65,16.09,14.48,13.03,11.94,10.83,11.64
2013-06-30,194.2586,73.7532,19.4714,34.6733,56.0687,49.9172,90.5868,50.2,57.7369,53.2874,51.4428,43.1585,100.6609,48.0579,112.9038,74.7853,2.9281,117.2377,34.2337,45.3117,50.94600000000001,162.89700000000005,154.5343,141.9659,162.1311,104.5767,179.65441,0.09,232.9,5.16,2.52,16531.685,2.54,7.3,104.67,1.05195,30.68,22.57,18.7,16.81,14.78,12.74,11.83,13.0,16.46,27.7,21.59,18.54,16.97,15.42,13.85,12.5,11.76,12.84
2013-07-31,204.2973,77.6789,20.5178,35.9714,60.0845,52.0815,95.3533,50.22,57.26300000000001,55.5956,54.483,46.9322,100.9034,50.7338,113.7214,77.5174,2.6296,117.5286,36.9883,44.5968,54.9164,164.3659,154.9492,141.4656,158.469,104.747,181.6405,0.08,233.456,4.71,2.6,16663.648999999998,2.7,7.2,106.57,1.02769,26.19,20.65,16.21,14.16,12.04,10.27,10.4,11.13,13.38,23.2,18.57,15.62,14.13,12.66,11.31,10.2,10.0,11.4
2013-08-31,198.17,76.1601,19.4664,35.5973,57.9647,49.7159,94.3699,48.63,55.8018,52.8201,53.1318,46.0818,94.3119,50.6711,105.8427,77.0781,2.5262,109.6759,35.4918,43.1238,54.075,161.3649,153.6698,139.4545,156.3525,104.6457,179.83128,0.08,233.544,4.78,2.78,16663.648999999998,2.79,7.2,106.29,1.05374,30.1,23.73,19.55,17.45,15.35,13.37,12.17,11.85,13.09,28.15,21.76,18.89,17.35,15.79,14.25,12.84,11.86,13.3
2013-09-30,204.4482,82.1209,20.0107,36.5003,59.8243,50.3994,96.3672,53.33,63.0682,53.433,56.2461,50.1345,97.5721,52.9187,109.314,80.1745,2.5262,112.7023,36.7489,47.173,58.0061,164.1996,155.3928,142.0302,157.3775,104.8786,181.16754,0.09,233.669,4.83,2.64,16663.648999999998,2.57,7.2,100.54,1.03089,30.25,24.31,19.39,16.97,14.64,12.56,11.59,11.5,12.46,27.7,20.83,17.83,16.24,14.47,12.84,11.78,10.91,11.07
2013-10-31,213.9156,84.7968,20.6742,38.3344,62.4022,53.6222,100.4133,53.26,66.0235,55.4506,58.9308,52.8585,101.2125,55.1357,113.7357,83.8388,2.9281,116.763,39.0673,49.022,60.3792,164.7649,156.6851,143.1358,159.6296,104.9512,184.44326,0.08,234.1,4.36,2.57,16621.696,2.65,6.9,93.86,1.0431,31.75,20.5,15.13,13.05,11.08,9.71,9.78,10.47,11.32,26.37,18.53,15.13,13.62,12.19,10.97,10.4,10.47,10.61
2013-11-30,220.2555,85.2602,21.594,39.5192,65.3467,54.4643,100.4714,53.95,61.8045,54.3782,61.0883,53.6292,96.5167,55.8537,107.4553,86.9566,2.9281,110.1955,38.0946,47.136,60.9248,163.0246,156.2947,141.8834,155.3187,105.0494,184.18787,0.09,234.719,4.23,2.75,16621.696,2.83,6.7,97.63,1.0614,32.53,21.17,15.25,12.88,10.8,9.7,10.03,10.66,11.31,26.39,18.47,14.97,13.39,11.87,10.77,10.47,10.91,11.43
2013-12-31,225.9592,87.0971,22.0789,40.9148,65.8282,54.8383,103.3554,54.71,59.5896,54.8673,63.6624,55.1588,97.3884,58.5873,107.9532,89.7493,2.9281,110.6139,39.9315,46.4163,62.6826,160.657,155.4256,138.9181,152.4198,104.8629,184.58266,0.07,235.288,4.0,3.04,16621.696,2.82,6.6,94.62,1.0623,32.7,21.74,15.93,13.53,11.48,10.14,10.3,10.6,14.64,26.95,19.1,14.83,13.02,11.78,10.63,9.72,11.55,14.16
2014-01-31,217.9946,82.5732,21.2709,39.8616,66.4456,52.0058,97.365,51.06,52.3343,56.5001,60.9458,52.3462,100.7386,55.824,112.149,86.6135,2.9281,115.736,38.7227,41.3411,59.8027,164.0339,157.8206,143.1736,162.0264,105.0742,188.06133,0.07,235.547,4.21,2.67,16830.111,2.66,6.7,100.82,1.11277,32.29,25.68,20.44,17.95,15.46,13.23,12.79,13.29,14.54,30.14,22.27,18.58,16.83,15.11,13.46,12.2,11.44,12.22
2014-02-28,227.9168,87.6358,21.9173,41.6132,70.5777,54.0345,102.3511,52.32,54.6816,58.4509,63.4187,55.9986,105.5247,59.6774,118.0109,90.7783,2.9281,121.5983,38.6555,42.3812,64.1093,164.7502,158.4132,143.6844,162.8699,105.115,190.21063,0.08,236.028,3.81,2.66,16830.111,2.67,6.7,100.8,1.1064,30.96,22.21,16.4,13.78,11.46,9.74,9.73,9.94,11.3,28.2,19.66,15.78,13.97,12.21,10.71,10.26,10.3,10.96
2014-03-31,229.8109,87.2334,22.6472,41.7935,69.694,55.2201,104.5078,51.06,60.063,60.4057,64.0247,56.3452,105.6699,60.1708,118.9398,91.0637,2.7237,122.7025,40.4782,45.8273,63.779,163.8731,158.1779,142.8768,164.0602,105.0011,190.15334,0.09,236.468,3.77,2.73,16830.111,2.68,6.2,102.07,1.10495,29.86,21.05,16.41,14.15,11.76,9.78,9.36,9.49,11.02,26.62,19.25,15.77,14.02,12.23,10.57,9.56,9.63,10.89
2014-04-30,231.4084,88.6873,22.262,41.9084,69.2531,56.7333,109.9996,49.94,62.7371,62.9554,64.8811,57.3849,108.8711,60.6671,123.3602,91.0315,2.7237,127.4919,39.6006,47.4814,65.5228,166.0366,159.47799999999995,143.9603,167.5016,105.1145,192.68204,0.09,236.918,3.71,2.67,17033.572,2.53,6.3,102.18,1.09616,28.34,19.98,15.45,13.27,10.99,9.02,8.73,8.99,10.61,25.85,18.6,15.36,13.64,11.9,10.26,9.27,9.16,10.42
2014-05-31,236.7786,90.1023,22.5965,43.4836,71.243,57.7593,111.8419,52.19,62.0036,62.2706,66.1291,57.8648,111.9161,62.4615,126.3783,94.5551,2.7237,130.5953,40.7077,46.905,66.0248,169.3586,161.3584,146.5874,172.4382,105.3024,195.59724,0.1,237.231,3.75,2.48,17033.572,2.56,6.1,105.79,1.08456,27.41,18.48,13.57,11.34,9.44,8.11,7.84,8.22,11.05,23.92,17.25,14.1,12.45,10.88,9.48,8.74,8.66,10.0
2014-06-30,241.6641,90.9329,23.1432,44.2967,72.7524,57.6144,118.0022,54.63,64.9972,65.0398,66.4414,57.4968,113.0485,63.4687,127.5252,96.4297,3.0198,131.2784,41.1929,48.4153,65.9113,169.9883,161.2665,146.2714,172.0079,105.2185,195.61271,0.09,237.498,3.53,2.53,17033.572,2.51,6.2,103.59,1.06705,30.73,20.6,14.76,11.86,9.18,7.33,7.4,7.82,11.45,25.0,17.49,13.83,11.89,10.09,8.5,7.79,7.88,9.34
2014-07-31,238.4168,88.5655,22.8073,45.0475,72.8481,55.7032,113.9116,54.45,65.9767,60.6166,63.7007,54.073,112.9225,62.2029,127.7095,97.5895,3.0198,132.0751,41.7362,49.6684,63.1294,169.8333,160.8616,145.9499,173.1537,105.1374,194.98994,0.09,237.46,4.04,2.58,17113.945,2.39,6.1,96.54,1.09062,34.81,24.46,19.26,16.66,14.15,11.62,10.31,10.6,11.19,27.81,21.13,17.62,15.8,13.99,12.12,10.68,10.18,11.07
2014-08-31,247.8255,88.7251,23.7742,46.526,76.3763,58.2729,116.399,53.54,73.0505,63.5997,66.3923,54.1681,116.8435,64.6066,131.2587,100.6676,3.0198,135.9385,41.6819,53.934,63.5094,170.8624,162.7099,148.6919,181.3292,105.3327,198.89487,0.09,237.477,3.8,2.35,17113.945,2.51,5.9,93.21,1.08785,29.81,19.65,14.35,11.82,9.37,7.7,7.99,8.34,10.91,25.81,18.28,14.7,12.83,11.0,9.29,8.54,8.66,10.57
2014-09-30,244.4077,85.2804,23.6789,46.2856,76.708,58.6144,107.3772,53.41,59.1069,62.4041,65.6318,52.3068,109.9617,63.6988,123.6234,99.1827,3.0198,127.9664,40.8876,46.6812,61.1753,166.4295,161.7098,147.13299999999995,177.50599999999997,105.2556,195.55286,0.09,237.43,4.4,2.52,17113.945,2.28,5.7,84.4,1.1198,33.97,23.81,18.99,16.43,13.66,10.76,9.65,10.29,11.4,28.78,21.34,17.68,15.71,13.66,11.6,10.1,9.57,9.95
2014-10-31,250.1637,85.0543,24.3636,47.028,80.7408,60.6933,103.5855,54.72,58.8213,67.4154,68.1756,50.8124,119.1464,62.1702,136.7293,100.7326,3.0198,141.8887,41.5975,46.4787,59.8318,167.9294,163.429,149.391,182.5011,105.53,197.96291,0.09,236.983,4.3,2.35,17254.744,2.31,5.8,75.79,1.1266,31.14,21.44,16.5,14.23,11.85,10.11,10.22,10.88,11.22,27.17,19.89,16.47,14.77,12.97,11.36,10.62,10.91,11.32
2014-11-30,257.0362,85.1075,24.9359,49.2901,83.5494,64.0587,94.5801,52.73,56.9304,68.2012,70.2748,52.7824,122.3881,63.1465,139.6727,104.9704,3.0198,145.4639,42.007,45.1117,61.0396,168.1967,164.5032,151.3155,187.9166,105.6403,199.76894,0.12,236.252,4.64,2.18,17254.744,2.18,5.6,59.29,1.14159,32.48,21.67,15.73,13.21,10.66,9.28,9.85,10.68,11.19,27.79,19.84,15.83,13.96,12.14,10.71,10.28,10.71,11.04
2014-12-31,256.3782,81.7002,25.4023,48.2175,82.3759,63.4602,94.3632,51.3,50.342,70.6328,70.257,49.7121,123.3792,62.7894,142.3017,103.4476,3.0198,148.1404,40.2045,40.7069,58.0972,166.4289,164.7469,151.5111,194.0265,105.3313,199.73529,0.11,234.718,5.04,2.17,17254.744,1.85,5.7,47.22,1.16208,37.36,27.0,21.2,18.21,15.24,12.66,11.27,10.97,12.9,32.56,24.18,19.64,17.43,15.25,13.19,11.85,11.59,11.95
2015-01-31,248.7819,82.2105,23.6355,46.5266,83.448,62.8451,90.0598,52.44,47.2309,72.2782,67.7611,50.191,130.4281,61.639,151.6319,100.3621,3.0198,158.8333,39.1884,38.5187,58.3704,171.8076,168.1281,158.0296,213.0717,105.9923,207.22892,0.11,235.236,5.37,1.68,17397.029,1.96,5.5,50.58,1.27322,38.53,28.31,23.71,21.27,18.73,16.08,14.2,13.8,14.2,33.31,25.98,22.06,20.09,18.13,16.13,14.36,12.91,12.94
2015-02-28,262.7645,87.4208,25.0119,50.2464,87.0259,65.4495,94.1963,56.37,48.7039,67.6561,71.3869,53.3108,127.0402,66.5505,146.0745,107.8307,3.0198,152.6531,42.3191,40.6813,61.8675,169.5937,166.6239,154.1237,199.9942,105.6842,204.28521,0.11,236.005,4.43,2.0,17397.029,2.01,5.4,47.82,1.25149,31.18,20.98,15.7,13.58,10.97,8.9,8.72,8.68,12.11,28.7,20.5,16.59,14.65,12.59,10.52,9.64,9.82,10.39
2015-03-31,258.6274,86.17200000000003,24.8563,48.5194,87.5822,64.1727,93.0989,57.19,43.1837,66.9779,69.5673,52.7909,128.4228,63.2846,148.7871,105.5955,3.0198,155.7502,41.7137,37.5589,60.4741,168.7765,167.2492,155.4451,202.1861,105.9476,204.68927,0.12,236.156,4.82,1.94,17397.029,1.92,5.4,54.45,1.2685799999999998,28.82,22.04,18.4,16.5,13.8,10.91,9.76,10.66,14.27,27.91,21.52,18.35,16.49,14.34,11.98,10.31,10.02,11.14
2015-04-30,261.1707,89.3143,24.877,49.8542,86.6267,63.6855,99.2191,58.7,49.8465,66.6614,69.3926,53.9676,122.238,65.4122,140.0238,107.678,4.2634,146.5404,42.4453,41.206,62.9466,169.9206,166.7079,154.4597,195.2558,105.9809,202.25775,0.12,236.974,4.59,2.05,17438.802,2.18,5.6,59.27,1.20766,30.6,21.29,17.32,15.12,12.9,10.47,9.25,9.29,12.3,26.96,20.36,17.02,15.26,13.53,11.6,9.89,9.39,10.42
2015-05-31,264.5283,89.4889,25.3615,50.7791,90.5298,64.2385,94.0709,59.57,44.4227,67.0835,69.6172,53.6256,121.8332,65.6587,139.9766,109.586,4.2634,146.2015,41.4652,38.2115,63.1106,168.2119,165.9797,153.8182,190.6289,106.025,199.99508,0.13,237.68400000000003,4.52,2.12,17438.802,2.34,5.3,59.82,1.24538,30.01,21.28,17.07,14.84,12.12,9.37,8.75,9.47,11.66,27.06,19.93,16.52,14.69,12.59,10.32,8.98,9.21,10.03
2015-06-30,259.1609,86.6994,25.2466,48.6924,90.1757,63.0602,90.7994,58.76,45.9566,63.0742,67.7704,52.2664,116.4806,63.067,133.8157,104.8764,4.2634,139.151,40.7099,38.5401,60.913,166.4883,164.1939,151.3108,182.8713,106.0585,196.23138,0.13,238.053,5.0,2.35,17438.802,2.29,5.2,50.9,1.24944,35.46,26.0,21.4,19.02,15.93,12.52,11.02,11.51,13.1,30.39,23.14,19.6,17.59,15.26,12.79,11.07,10.69,11.13
2015-07-31,265.0151,88.461,26.1061,50.0802,92.8425,66.6504,83.8167,59.32,40.2348,66.9232,67.9709,53.8676,122.2475,59.8869,141.7292,106.4989,4.2634,147.9712,40.404,35.087,62.3895,167.3798,165.611,153.6102,191.1906,106.1056,197.86644,0.14,238.028,5.36,2.2,17456.225,2.1,5.1,42.87,1.3091,27.48,18.9,14.49,12.23,10.19,7.83,8.48,10.49,12.2,25.53,18.48,15.25,13.51,11.86,10.01,8.56,8.44,9.36
2015-08-31,248.8624,81.8926,24.2628,47.3163,85.4481,62.6761,80.2528,55.6,34.8917,64.5955,64.2979,50.1502,115.141,56.5114,133.3558,99.9982,4.2634,139.6169,39.6393,31.6856,57.9739,165.7899,165.0543,153.7312,189.8687,106.0531,196.22711,0.14,237.506,5.7,2.21,17456.225,2.15,5.0,45.48,1.31397,44.15,33.88,28.75,26.06,23.1,19.77,17.12,16.51,17.45,38.68,30.64,26.31,24.22,22.08,19.76,17.45,14.94,15.29
2015-09-30,242.5338,78.2739,23.583,46.6704,80.5793,62.9247,74.4948,52.43,30.7826,66.4834,62.8882,47.8111,116.9955,52.3235,137.8717,98.6279,4.2634,145.0086,37.7437,29.2413,55.4387,164.9232,166.3932,156.158,193.5997,106.3657,198.55811,0.12,237.781,6.62,2.06,17456.225,2.05,5.0,46.22,1.3313,38.44,29.32,25.94,23.86,21.2,18.41,16.31,14.42,15.52,33.5,27.03,23.72,21.9,19.9,17.75,15.84,14.2,14.16
2015-10-31,263.1637,83.4494,25.0608,51.5738,86.7964,66.5116,82.8085,56.52,32.0729,67.1899,68.4094,51.3058,124.2675,59.3488,145.8556,109.3381,4.2634,152.6175,41.7558,30.6381,58.8236,165.4173,166.5072,155.1636,192.8069,106.2153,199.69737,0.12,238.016,5.88,2.16,17523.374,2.13,5.1,42.44,1.30799,31.7,21.69,17.17,14.91,12.19,9.88,9.82,10.92,11.69,28.53,21.41,17.78,15.86,13.85,11.84,10.78,10.83,10.98
2015-11-30,264.1256,82.8212,25.5604,51.94,86.5166,65.8982,82.7963,56.79,31.582,65.7616,69.0019,50.902,124.0202,59.9387,144.9596,110.3905,4.2634,152.1322,41.4902,29.5646,58.0017,165.1788,165.8594,154.5007,191.1353,105.9412,199.39147,0.24,237.817,6.4,2.21,17523.374,2.01,5.0,37.19,1.33623,32.58,22.98,18.67,16.39,13.97,11.31,9.93,10.3,11.94,29.27,22.3,18.69,16.8,14.86,12.77,10.96,9.97,10.32
2015-12-31,259.5881,80.8872,24.9601,50.864,88.0124,67.8297,74.1008,56.0,29.3269,67.1643,67.2328,48.8927,125.3907,57.3431,148.1684,107.5175,4.2634,157.0659,40.2991,27.872,56.1906,163.5091,165.5396,153.7985,190.5589,105.7835,197.22957,0.34,237.833,6.95,2.27,17523.374,1.83,4.9,31.68,1.38389,34.67,24.93,20.57,18.34,15.73,12.78,11.24,11.91,12.78,30.26,23.26,19.71,17.84,15.79,13.47,11.55,10.89,11.42
2016-01-31,246.6651,76.42399999999998,22.7501,48.9757,81.2187,68.1924,71.5088,53.14,28.1215,70.4853,63.4025,46.3253,120.2468,51.2021,142.1531,101.9608,2.4373,151.1309,38.8993,26.9907,53.1786,166.0732,167.5933,158.9256,201.1789,106.4732,197.47176,0.38,237.469,7.74,1.94,17622.486,1.47,4.9,30.32,1.3976,33.76,25.02,21.57,19.65,17.21,14.77,13.43,12.83,14.44,31.74,25.33,21.83,20.02,18.11,16.06,14.35,13.51,13.73
2016-02-29,246.4604,73.8757,22.0902,48.6551,80.9245,68.4074,69.5064,50.32,29.0575,71.8509,66.104,44.3718,119.345,55.2037,140.9403,100.759,2.4373,149.3741,41.4189,27.4248,51.5256,168.1007,169.0805,161.28799999999995,207.3885,106.5926,199.55078,0.36,238.038,7.75,1.74,17622.486,1.59,5.0,37.55,1.3540299999999998,34.89,26.17,22.39,20.34,18.26,15.96,13.91,13.05,13.69,32.54,25.89,22.51,20.74,18.95,17.05,15.13,12.85,12.64
2016-03-31,263.033,78.7383,23.6946,52.9471,83.1127,71.6491,76.5713,52.72,37.2968,77.585,70.7105,47.9857,131.5948,59.3838,155.5496,110.0863,2.4373,165.0454,43.2926,33.0939,54.7897,170.9034,170.55200000000005,161.1837,207.2026,106.7392,206.76698,0.37,238.827,7.05,1.78,17622.486,1.58,5.0,40.75,1.30041,31.48,21.17,16.53,14.41,12.13,9.6,8.8,9.5,11.63,27.33,20.09,16.6,14.79,12.85,10.68,9.15,8.99,9.59
2016-04-30,264.0707,80.4877,24.5476,50.2855,85.5783,70.6229,83.512,52.77,41.849,75.7087,71.59,49.2136,129.3977,62.4186,150.9395,104.7832,2.4373,160.1017,43.9688,35.6851,56.4708,171.2612,170.9941,160.9326,205.676,106.7777,209.97987,0.37,239.46400000000003,6.24,1.83,17706.705,1.53,4.8,46.71,1.2556,32.25,22.53,17.95,15.5,13.38,11.09,9.82,9.84,11.74,29.23,21.92,18.26,16.38,14.54,12.53,10.77,10.15,10.31
2016-05-31,268.5619,80.4188,25.0109,52.7442,87.4902,71.109,82.7326,54.48,36.0772,76.8501,71.2841,47.4276,132.254,62.2066,153.9311,109.8107,2.4373,163.5415,44.5182,31.0814,55.9945,170.158,171.0178,160.7739,207.3371,106.6509,208.90393,0.38,240.167,5.97,1.84,17706.705,1.37,4.9,48.76,1.3092700000000002,30.5,21.71,17.17,15.09,12.0,9.13,9.54,10.7,12.75,27.65,20.36,16.91,15.1,12.78,10.19,8.87,9.77,11.06
2016-06-30,269.4947,78.4739,24.1973,52.0196,88.2835,74.9218,84.9784,53.56,43.1112,82.7092,71.7924,46.1499,140.5064,61.7176,163.8725,108.0196,2.4373,174.3967,47.1152,34.791,54.1676,173.9847,174.32,165.7421,221.7128,107.2929,215.35919,0.39,240.15,6.21,1.49,17706.705,1.2,4.8,44.65,1.29245,33.52,23.24,18.32,15.96,12.92,9.85,9.38,10.82,12.1,29.17,21.68,17.9,15.9,13.52,11.01,9.63,10.15,11.18
2016-07-31,279.3302,81.5878,25.039,55.7139,92.5865,74.3105,83.9075,56.17,47.4902,82.1575,74.3944,48.3809,145.6396,64.8475,171.0583,116.9648,2.4373,180.0864,48.7706,36.8157,55.8303,175.09,175.2768,166.1458,226.3689,107.2431,218.14733,0.4,240.602,5.61,1.46,17784.185,1.26,4.9,44.72,1.30301,29.04,19.73,14.5,12.0,9.54,8.01,8.6,9.7,11.94,26.55,19.03,15.15,13.15,11.23,9.38,8.71,8.83,9.81
2016-08-31,279.6647,82.0307,26.0025,56.3616,89.5824,73.8757,85.3147,57.19,47.8902,77.602,75.0994,48.9243,140.7622,64.6743,165.1745,119.4508,2.4373,173.204,45.573,37.2789,56.1027,174.4941,174.8996,164.4667,224.0796,106.9926,218.54341,0.4,241.051,5.1,1.58,17784.185,1.34,5.0,45.18,1.31049,31.12,21.49,16.57,14.05,11.21,8.4,8.33,9.21,11.63,26.68,19.61,15.9,13.92,11.75,9.45,8.2,8.98,11.35
2016-09-30,279.6865,83.1272,25.2858,57.5465,89.125,72.7356,88.4649,58.4,48.1902,77.876,75.242,49.3247,138.687,63.925,161.7697,122.8691,2.4373,170.2929,45.9108,37.1068,56.4467,175.8036,174.9889,164.8575,220.6993,107.1313,217.85332,0.4,241.691,4.97,1.6,17784.185,1.43,4.9,49.78,1.31272,29.84,20.59,16.19,13.84,11.05,7.85,7.74,8.82,11.88,27.17,20.25,16.74,14.74,12.52,9.88,8.32,8.68,10.4
2016-10-31,274.8375,81.2856,25.8622,57.1129,83.2542,72.1752,85.9717,58.82,53.9479,78.5754,73.734,48.8242,131.8076,62.5862,152.6154,121.9146,2.4373,160.4552,44.7423,41.1166,54.655,174.8528,173.5596,162.3938,211.0326,107.0792,214.52435,0.41,242.029,4.91,1.84,17863.023,1.69,4.7,45.66,1.34093,32.83,23.91,19.45,17.07,14.73,11.94,10.08,10.17,11.95,29.5,22.07,18.43,16.6,14.79,12.69,10.71,10.12,10.51
2016-11-30,284.9621,79.8376,29.4913,57.2093,84.9722,69.1405,93.2509,58.09,47.8474,74.3152,80.436,46.8792,128.7291,66.8568,150.5553,121.2949,2.4373,156.8513,45.526,37.1995,53.2933,171.2308,169.1067,155.5286,193.6987,106.5755,207.7306,0.54,242.772,4.67,2.37,17863.023,1.98,4.7,51.97,1.34375,30.6,21.04,15.83,13.25,11.07,9.43,9.18,9.36,11.54,26.86,19.26,15.41,13.63,11.82,10.1,9.43,10.52,12.57
2016-12-31,290.7421,81.9982,30.6,58.5043,85.581,71.2092,94.8622,57.56,48.2348,77.947,80.6834,49.8036,134.203,66.9764,157.6703,122.4805,2.4373,164.3428,49.4782,36.8873,56.0516,171.1619,169.5369,155.3454,192.8065,106.6514,209.47609,0.65,243.78,4.21,2.45,17863.023,1.91,4.7,52.5,1.34407,31.56,21.26,16.23,13.88,11.66,9.73,9.76,10.29,10.55,26.71,20.0,15.81,14.19,12.55,10.64,10.11,10.79,11.27
2017-01-31,295.9448,84.6969,30.679,60.5851,87.5424,72.421,91.8143,59.57,53.3419,78.9259,82.1877,50.8688,134.3774,70.02199999999999,156.1671,128.5332,2.4373,163.815,50.898,40.4985,57.5392,172.6894,169.8977,155.6863,194.3764,106.7651,209.77999,0.66,243.961,4.0,2.45,17995.15,1.89,4.7,53.47,1.30304,31.3,20.72,14.5,11.62,8.95,7.83,8.44,9.11,12.88,26.61,18.73,14.29,12.63,10.89,9.14,9.14,9.91,10.43
2017-02-28,307.5729,85.7054,32.2978,63.3312,93.0914,75.8775,89.8999,60.35,54.5861,83.0825,85.4036,50.9695,140.2556,70.4128,161.5888,133.9505,2.4373,169.6867,47.6999,41.6755,57.9147,173.4003,170.9956,156.8137,197.4594,106.8043,212.55153,0.79,243.749,3.74,2.36,17995.15,1.73,4.4,49.33,1.33006,32.04,20.94,14.91,12.24,9.95,8.95,9.3,9.9,13.9,26.65,19.07,15.06,13.38,11.49,10.05,9.57,10.34,11.14
2017-03-31,307.9599,88.4751,31.3441,64.7408,92.6457,75.5577,88.5644,60.67,54.1954,82.9666,84.7473,54.1219,138.2188,70.8498,156.8956,138.4984,2.4373,165.8355,46.7724,42.4111,60.4421,173.4003,170.9031,156.9413,196.1721,106.872,211.92735,0.9,244.051,3.92,2.4,17995.15,1.49,4.4,51.06,1.33179,32.13,20.63,14.55,11.76,9.4,8.04,8.17,10.17,15.88,26.0,17.63,13.53,11.68,9.99,8.76,8.29,8.7,11.62
2017-04-30,311.0167,90.6199,31.0799,66.0402,94.066,76.3883,85.9544,61.09,53.7759,83.5972,86.4146,56.4825,138.9936,71.742,156.5726,142.3663,2.4373,165.6526,49.1877,41.9697,62.6085,174.1799,172.4526,158.6798,199.2533,107.0725,214.44467000000003,0.91,243.962,3.75,2.29,18120.843,1.4,4.4,48.48,1.36526,31.36,19.91,13.6,10.59,7.85,6.69,7.34,9.35,15.0,25.51,17.42,13.0,11.21,9.35,7.97,7.82,8.65,9.94
2017-05-31,315.4061,93.8299,30.71,68.6512,94.7886,78.4094,82.9135,62.78,50.8824,87.0575,87.9517,59.2749,138.8351,71.7555,155.5864,149.0878,2.4373,166.2844,47.2786,40.5386,65.5548,174.1116,173.6387,159.9927,203.0182,107.1509,217.3047,1.04,244.182,3.74,2.21,18120.843,1.19,4.3,45.18,1.35001,30.0,19.75,13.89,11.07,8.09,6.56,7.91,10.88,14.58,26.2,17.17,13.36,11.23,8.97,7.49,7.0,8.07,9.78
2017-06-30,317.4166,94.1194,32.7105,66.7218,99.1169,76.6484,82.8119,63.61,49.8087,84.6959,89.1383,58.9608,141.7303,73.0822,159.4284,146.6221,2.4373,169.3925,46.9397,40.9265,65.2056,172.60299999999995,173.6074,159.1771,204.6258,107.0667,218.34879,1.15,244.39,3.77,2.31,18120.843,1.23,4.3,46.63,1.2964,29.13,20.24,14.45,11.42,8.65,6.57,7.03,7.67,10.31,26.23,18.05,13.85,11.65,9.5,7.38,7.19,7.48,9.33
2017-07-31,323.9408,96.6168,33.2674,69.6969,99.9299,77.1786,84.9804,64.92,55.1484,86.7498,89.4,60.8689,143.3115,74.2095,160.8173,153.2517,2.4373,171.0844,46.4159,44.5758,66.9564,173.4,174.1881,159.775,203.2794,107.2658,220.02171,1.16,245.297,3.61,2.3,18223.758,1.18,4.4,48.04,1.24796,29.08,18.82,13.8,10.5,7.4,6.07,6.66,7.09,9.09,25.95,17.7,13.39,11.09,8.89,7.05,6.73,6.97,8.54
2017-08-31,324.886,96.5735,32.7503,71.7332,101.6811,76.3275,80.3245,64.86,58.3581,89.6023,89.5963,61.1614,144.27100000000004,74.7935,159.5485,157.4399,4.1251,170.9337,46.3868,46.6708,66.8976,175.1992,175.8265,162.1036,210.2049,107.4827,221.50932000000003,1.15,246.418,3.85,2.12,18223.758,1.15,4.2,49.82,1.24817,29.3,19.39,13.85,11.2,8.06,6.43,7.28,8.44,11.97,26.55,18.18,14.31,12.26,9.71,7.61,6.87,8.02,9.77
2017-09-30,331.4295,98.8543,34.4312,72.3191,102.6087,75.781,88.5012,66.05,60.8238,87.1316,93.3435,63.34,143.1387,77.5584,159.9073,159.4332,4.1251,169.8498,44.691,47.4277,68.9573,173.9695,174.822,159.7681,205.3247,107.282,221.40236,1.15,246.587,3.54,2.33,18223.758,1.27,4.1,51.58,1.2472,27.75,18.96,12.67,9.81,6.53,5.99,7.55,9.15,11.72,24.93,16.85,12.62,10.56,8.1,6.62,7.14,8.5,9.82
2017-10-31,339.2393,100.5144,35.4165,77.0303,101.8303,74.5316,87.7645,69.54,58.6062,90.5315,94.0403,64.0857,143.2104,80.5625,158.1096,171.3261,4.1251,168.2298,44.3236,45.8733,69.3104,174.38,174.9932,159.4663,205.2469,107.1835,221.82813,1.16,247.332,3.51,2.38,18323.963,1.1,4.2,56.64,1.28883,29.35,20.31,13.07,10.23,7.44,6.6,7.52,8.2,9.81,26.68,17.22,12.53,10.74,8.53,6.94,7.76,8.8,9.49
2017-11-30,349.6084,101.2073,36.6415,78.1193,104.7932,78.687,89.3025,71.03,56.4615,92.9623,97.9581,63.9248,146.8838,81.3271,163.0706,172.6363,4.6408,172.8198,44.2942,44.0352,69.2074,174.5297,174.7336,159.0213,206.7704,106.9524,221.5539,1.3,247.901,3.61,2.42,18323.963,1.06,4.1,57.88,1.2897,30.83,20.19,13.89,11.43,8.75,7.54,8.44,9.75,12.8,26.19,17.55,13.36,11.55,9.33,7.46,7.57,8.94,10.0
2017-12-31,353.8341,102.5757,37.3321,78.5427,104.2113,80.4528,94.0092,71.53,59.645,87.3279,100.0194,63.7059,146.7335,83.0544,163.1294,172.9836,4.6718,172.4168,43.6216,46.6069,69.9843,176.1582,175.5632,159.3138,210.5088,106.9303,224.25553,1.41,248.884,3.58,2.4,18323.963,1.15,4.1,63.7,1.2571,31.96,20.82,13.16,9.47,6.72,7.24,7.74,8.01,11.13,29.05,18.0,12.5,10.56,8.62,7.53,8.21,8.89,9.27
2018-01-31,373.7758,107.7257,39.7799,84.0696,111.0427,81.768,97.3787,75.12,68.6986,84.6092,105.3859,68.1704,142.2958,86.3749,156.4434,185.2881,5.1299,165.5589,43.8292,53.0721,73.8345,174.6603,173.588,155.8882,203.6556,106.6243,221.50676,1.42,249.36900000000003,3.29,2.72,18511.576,1.27,4.1,62.23,1.23148,31.9,21.36,15.75,13.19,11.39,10.02,9.88,10.04,13.48,26.87,19.62,15.31,13.51,11.96,10.44,9.81,10.04,10.61
2018-02-28,360.1852,102.5174,38.6162,83.7257,106.0515,75.5314,86.8277,72.89,67.0619,81.327,101.3148,64.0878,132.8227,81.8195,145.1258,183.7796,5.1299,153.5959,41.4116,51.3535,69.2735,172.8555,171.8379,154.435,197.4668,106.5173,216.55448,1.51,249.498,3.47,2.87,18511.576,1.11,4.0,62.73,1.28314,39.13,27.9,20.71,17.33,14.83,12.89,12.35,12.22,14.11,33.82,24.67,19.48,17.19,15.14,13.31,12.31,12.3,12.55
2018-03-31,350.3105,101.6566,37.0109,80.5995,102.958,74.8457,88.318,72.42,66.1772,84.4083,98.5894,63.6619,137.8397,78.42699999999998,150.8884,178.2409,5.1299,160.1056,40.3874,51.2444,69.0514,174.6007,172.9909,156.2193,203.1109,106.7809,217.76142,1.69,249.956,3.72,2.73,18511.576,1.08,3.9,66.25,1.28996,34.33,25.17,20.66,18.65,16.79,15.04,14.28,14.29,15.38,31.43,24.01,20.37,18.61,16.88,15.29,14.14,13.54,13.98
2018-04-30,352.121,103.2031,36.8498,80.6488,104.0457,71.7455,96.703,72.38,62.3729,86.1289,95.8423,65.1011,138.1502,78.5234,153.078,177.3178,5.1299,161.2639,40.9405,50.0441,70.4878,174.3717,171.364,154.2249,198.8695,106.5306,214.35142,1.7,250.646,3.46,2.95,18664.973,1.08,3.8,69.98,1.28432,32.86,21.97,17.1,14.96,13.13,11.41,10.68,13.9,21.09,28.94,21.13,17.56,15.78,14.16,12.68,11.46,11.31,16.38
2018-05-31,360.6807,101.2481,36.4874,86.119,104.2355,70.622,99.5985,71.3,52.523,85.1767,98.7884,62.7661,142.8075,80.1349,159.2263,187.9111,5.1299,165.2968,40.3127,42.8151,68.622,174.94799999999995,172.4986,155.7465,202.8575,106.9061,215.47142,1.82,251.134,3.63,2.83,18664.973,0.97,4.0,67.87,1.29575,33.87,23.63,17.07,14.11,11.44,9.17,8.92,9.69,10.15,28.93,20.55,16.09,14.03,11.94,10.01,9.12,9.59,10.17
2018-06-30,362.7565,99.6616,35.8499,85.8939,105.9539,73.8413,100.181,69.66,48.0257,87.5688,95.441,61.7081,148.5984,80.3581,166.1144,185.7856,5.1299,172.838,41.4917,41.0613,67.7647,176.0809,172.6766,156.0556,204.1695,106.9529,214.42225,1.91,251.597,3.61,2.85,18664.973,0.9,3.9,70.98,1.31335,32.36,23.25,17.42,14.36,12.16,10.09,8.47,8.53,9.9,29.56,21.32,16.73,14.61,12.85,10.98,9.15,8.63,9.14
2018-07-31,376.1954,102.504,37.6835,87.6867,112.8982,76.7646,101.7377,70.41,54.0945,88.9676,102.4895,64.0554,149.834,82.6552,166.6447,188.8011,5.1299,174.4473,41.567,45.6822,70.2503,175.1426,172.6268,155.2317,201.2361,106.8885,217.30439,1.91,251.879,3.46,2.96,18765.256,0.82,3.8,68.06,1.30061,33.1,21.73,14.61,11.89,9.46,8.44,9.21,9.77,11.08,28.4,19.31,14.21,12.24,10.34,8.61,8.91,9.57,9.93
2018-08-31,388.2035,100.2122,38.1959,93.4731,117.7858,77.0655,98.2022,70.03,48.6251,90.1137,102.7293,62.024,153.3931,82.0187,171.6303,199.248,5.1299,179.1715,44.6672,41.88,68.0678,176.2732,173.6082,156.8063,203.8714,107.2593,217.34926,1.95,252.01,3.49,2.86,18765.256,0.83,3.7,70.23,1.30405,35.36,22.77,14.72,11.36,9.09,8.16,8.56,8.86,10.41,28.56,19.44,14.0,11.96,10.27,8.88,8.72,9.14,9.41
2018-09-30,390.5126,101.1795,37.3497,93.4568,121.2649,77.8261,100.5999,72.45,50.5431,89.5259,104.9627,61.7005,149.0296,80.5467,166.9286,197.7798,5.1299,174.57,45.0118,43.5591,68.3103,174.5629,172.5334,154.917,198.0432,107.1062,217.04394,2.19,252.794,3.24,3.05,18765.256,0.86,3.8,70.75,1.29083,32.86,22.11,14.69,11.35,8.78,7.54,8.14,8.55,10.79,27.69,19.44,14.26,12.16,10.3,8.49,8.42,8.92,9.49
2018-10-31,363.5265,92.95,35.5892,85.9758,113.0447,79.3846,89.2037,65.97,60.1633,91.2943,93.556,56.2309,145.4724,73.1497,162.686,181.1325,3.7427,172.0059,42.681,45.6545,63.0358,171.9122,171.4216,154.4487,192.2424,107.2701,212.59696,2.2,252.76,3.81,3.15,18907.517,0.75,3.7,56.96,1.3157,36.64,27.14,22.71,20.51,18.4,16.32,14.64,14.98,20.67,31.61,24.4,21.05,19.53,18.1,16.6,15.03,13.87,15.64
2018-11-30,370.2697,93.4114,36.5236,84.2885,122.1825,81.1885,87.8091,66.57,59.6388,94.5251,97.1173,56.0353,152.3074,75.9305,170.6521,177.4845,3.8997,181.5298,43.4529,44.5721,62.9298,172.7366,172.3192,156.5029,195.6772,107.6781,211.83336,2.27,252.723,4.29,3.01,18907.517,0.42,3.9,49.52,1.32921,33.01,24.29,20.51,18.53,16.33,14.33,13.35,12.38,13.9,29.57,23.38,20.08,18.24,16.37,14.45,13.05,12.55,12.7
2018-12-31,337.7096,88.4133,32.4629,77.2387,110.7597,73.9579,76.8934,61.45,58.1143,90.7526,86.7763,53.0418,140.4254,70.7042,155.9531,163.5648,3.8997,168.0861,39.881,43.4058,59.7244,173.6542,175.7314,160.89,207.1244,108.4965,215.7659,2.4,252.673,5.33,2.69,18907.517,0.29,4.0,51.38,1.36369,39.12,30.94,27.55,25.49,23.18,20.86,19.14,18.06,21.41,33.7,27.97,25.02,23.39,21.77,20.24,18.81,16.53,15.37
2019-01-31,364.7485,94.2795,35.3521,82.5973,116.0858,77.7592,85.5145,65.8,69.0222,93.908,96.692,56.5063,156.5404,74.6649,173.7426,176.1703,3.8997,185.9309,42.4389,49.8561,63.5412,176.1279,177.3322,161.9399,207.9085,108.769,223.03332000000003,2.4,253.113,4.37,2.63,18907.517,0.24,3.8,54.95,1.31248,32.93,23.56,18.02,15.61,13.66,12.19,11.81,11.93,11.95,29.09,21.54,17.95,16.27,14.67,13.23,12.24,11.85,12.04
2019-02-28,376.5722,96.671,36.1426,88.3048,117.3405,79.1428,87.4855,65.9,65.4167,97.7666,102.849,58.2764,157.6835,77.0441,175.4654,186.0843,3.8997,188.6006,44.9361,47.9125,65.5412,175.8266,177.1318,161.0908,205.0494,108.863,222.57944,2.41,254.148,3.92,2.73,18907.517,0.12,3.8,58.15,1.31715,34.07,23.66,17.5,14.37,12.05,9.71,9.61,9.87,10.52,28.29,20.57,16.22,14.24,12.47,10.6,9.53,9.74,10.38
2019-03-31,383.3802,97.5585,35.2159,92.5127,117.9038,82.1654,89.34700000000002,66.33,62.3588,100.4934,101.6684,58.3974,164.2565,78.0091,180.392,194.2722,3.8997,196.618,45.2793,46.7999,66.2434,179.2994,180.8921,165.3692,216.4789,109.546,229.10082000000003,2.42,254.958,3.99,2.41,18907.517,0.1,3.6,63.86,1.3349,28.85,20.57,16.13,14.04,11.61,9.24,9.15,9.6,11.28,27.11,19.63,16.34,14.58,12.69,10.68,9.64,9.8,9.97
2019-04-30,399.0422,100.4163,38.3799,98.401,114.704,84.5084,89.3335,67.18,62.9673,101.4263,105.7064,61.3173,164.18099999999995,80.75,179.9543,205.7194,4.5286,196.2644,46.1624,47.2365,68.7014,179.6958,180.5315,164.5138,212.1756,109.7469,230.10308,2.39,255.155,3.73,2.51,18907.517,0.0,3.6,60.83,1.33884,32.76,22.29,16.01,13.0,10.45,8.24,8.71,9.19,12.69,27.97,20.11,15.39,13.29,11.36,9.43,9.26,9.65,10.01
2019-05-31,373.5948,95.3624,35.6268,89.8749,112.1596,81.4332,79.415,63.91,63.3629,100.6316,97.6304,57.3686,163.9357,74.1438,179.389,187.924,4.6216,198.4745,42.6302,45.6028,64.9305,182.8443,183.9814,169.5285,226.6847,110.5397,233.90059,2.4,255.155,4.59,2.14,18907.517,0.0,3.6,60.83,1.35163,32.34,24.45,21.04,19.43,17.74,15.62,13.58,12.89,13.07,28.37,22.36,19.7,18.28,16.85,15.33,13.72,12.16,12.01
