Dates,GDP Change,OIL Change,CPI Change,FEDFUNDS Change,CREDIT Change,T10Y Change,T10Y3MM Change,UNRATE Change,EXCH Change,SPY Change,ISMUF Change,ILF Change,IVLEFT Change,IVMID Change,IVRIGHT Change
2006-06-30,0.0,0.04876673713883006,0.005450941526263575,0.25,0.22999999999999998,0.03000000000000025,-0.18,0.10000000000000053,0.01540000000000008,0.002250469412671263,-0.0652188091045458,0.04144108014170178,-0.14794898136267035,-0.14511483187884539,0.01836518604003845
2006-07-31,0.00851865229909654,-0.018411503830130238,0.004435682602267121,0.009999999999999787,0.10000000000000009,-0.16000000000000014,-0.22,0.0,0.014350000000000085,0.004873334630885351,0.0,0.02391801981045294,0.057190470773064515,0.06378741062426736,-0.02101653536165844
2006-08-31,0.0,-0.12650602409638567,-0.004906771344455385,0.0,0.040000000000000036,-0.25,0.0,-0.20000000000000018,-0.027670000000000083,0.021822530130212625,0.12328193678922772,0.005286141116984666,-0.11825998861742312,-0.17821031491738112,-0.0438686663132729
2006-09-29,0.0,-0.07695924764890272,-0.004437869822485285,0.0,-0.07000000000000028,-0.10000000000000053,-0.11000000000000001,-0.09999999999999964,0.01432000000000011,0.0269932822346981,0.0662732919254656,0.010301921824555471,-0.04795224094365459,-0.0023250417356077235,0.10313890963440081
2006-10-31,0.0023549310703911974,0.0032263542197317197,0.0004952947003467045,0.0,-0.1299999999999999,-0.02999999999999936,-0.14999999999999997,0.09999999999999964,0.004249999999999865,0.03151732394566942,0.023300518436535134,0.08032010094014219,-0.06559728248581347,-0.06391798124797199,-0.024056868096548847
2006-11-30,0.0,0.04874746106973604,0.00544554455445545,-0.009999999999999787,-0.08999999999999986,-0.15000000000000036,0.06,-0.09999999999999964,0.01805000000000012,0.01988480725560926,0.14800478169294706,0.06178352439349499,0.09539346455493532,-0.016512759490849942,-0.17661382736560227
2006-12-29,0.0,-0.1202388637830859,0.001659281142294633,0.009999999999999787,-0.38000000000000034,0.25,0.06,0.1999999999999993,0.025449999999999973,0.013368828195384097,0.04631328407794899,0.06252858308598674,-0.01362561694609355,-0.0015147692873676028,0.034563921455076335
2007-01-31,0.005728724003003061,0.0875068794716567,0.003878350545869269,0.009999999999999787,-0.09999999999999964,0.1200000000000001,-0.09000000000000002,-0.09999999999999964,0.011149999999999993,0.015040046630828918,0.024027297284488824,0.026246940670098695,-0.07788168429992166,-0.043372828086038845,0.09794758326870066
2007-02-28,0.0,0.019568151147098423,0.005200121434097538,0.0,0.09999999999999964,-0.27000000000000046,-0.08000000000000002,-0.09999999999999964,-0.006950000000000012,-0.01961730806463713,-0.03905960755275828,-0.043637609649122666,0.2837386468529264,0.3749242935072698,0.08059200733030349
2007-03-30,0.0,0.05857048312375901,0.003000662483924943,-0.009999999999999787,-0.020000000000000018,0.09000000000000075,0.2,0.09999999999999964,-0.01595000000000013,0.01160193643251195,0.06501637449431708,0.06943341712503681,-0.03656490604938396,-0.05978619936104837,-0.10728438597775992
2007-04-30,0.005432713272967016,-0.008127539856204957,0.004132994016629032,0.0,-0.05999999999999961,-0.020000000000000462,0.2,-0.09999999999999964,-0.044300000000000006,0.04429580826951596,0.019851677670254197,0.05735650822154614,0.011867998655081044,-0.03367585250516346,-0.09114646213743269
2007-05-31,0.0,0.06350456980775276,0.0023167517109623503,0.0,-0.28000000000000025,0.27000000000000046,0.48,0.1999999999999993,-0.04079999999999995,0.033920053309662634,0.07036757859264853,0.11644212367397122,-0.04373166460639833,-0.09475278838168416,0.04613183016870559
2007-06-29,0.0,0.09823677581863999,0.0017805958481715844,0.009999999999999787,0.43000000000000016,0.1299999999999999,-0.32,0.10000000000000053,-0.003549999999999942,-0.014647205118680673,0.13285004142502066,0.012585084982812855,-0.017443381601128054,0.26162304951492105,0.1922639731552923
2007-07-31,0.006078419132304447,-0.023745277927684882,0.00030828070885302594,-0.2400000000000002,1.3000000000000003,-0.25,0.31,-0.10000000000000053,0.0012000000000000899,-0.03131017015691295,0.12345046988700759,0.007036111079969043,0.2583820349306785,0.3534679195004524,0.17091257127434886
2007-08-31,0.0,0.10447761194029859,0.0042375533907650365,-0.07999999999999918,0.35999999999999943,-0.2400000000000002,0.18000000000000005,0.10000000000000053,-0.010900000000000132,0.012832614182045843,0.043973570289359776,-0.011923237064234038,0.010069129951865962,-0.012863445594329006,-0.05943703508200176
2007-09-28,0.0,0.07357357357357341,0.0030832378312801723,-0.1800000000000006,-0.3899999999999997,0.04999999999999982,0.0,0.0,-0.06340000000000001,0.03869901487170946,0.03158321381804585,0.1383988931153215,-0.1232185628565517,-0.23696434525360524,-0.0738084935165616
2007-10-31,-0.005746998455205543,0.1045454545454545,0.007858884267890387,-0.2699999999999996,0.20000000000000018,-0.10999999999999943,0.27,0.0,-0.049149999999999916,0.013566779274037488,0.40816634932148577,0.10509417342161775,-0.017144676620433247,0.02461108611831038,0.01212136053234482
2007-11-30,0.0,-0.03249973620343993,0.002898014551732553,-0.25,1.3899999999999997,-0.5100000000000002,0.22999999999999998,0.2999999999999998,0.05554999999999999,-0.038732564575422734,-0.13152472527472525,-0.05519482264180686,0.07271890319501106,0.26420980891412915,0.1370080228587826
2007-12-31,0.0,0.01396008288799222,0.003447705076970342,-0.30000000000000027,0.16999999999999993,0.06999999999999984,-0.10999999999999999,0.0,-0.0002500000000000835,-0.011332214024714848,-0.11825326215895615,0.0005422181271483861,-0.07552256628328433,-0.10402089686964884,-0.047051689324878916
2008-01-31,0.005163870987008767,0.026029902118963166,0.0024178268779397882,-0.96,1.0300000000000002,-0.3700000000000001,0.65,-0.09999999999999964,0.004450000000000065,-0.06046088750568246,-0.1571232377589058,-0.03402753960689642,0.17194586711530138,0.18446626208838812,0.17188647896777529
2008-02-29,0.0,0.10546178844742649,0.003578027806118822,-0.3700000000000001,0.7199999999999998,-0.14000000000000012,0.6599999999999999,0.1999999999999993,-0.015050000000000008,-0.025842841095185975,-0.05087620124364045,0.07723361142115093,-0.04072929033923028,0.049979682554802195,0.07559711410419244
2008-03-31,0.0,0.06761498340445704,0.002314381020201539,-0.33000000000000007,0.5400000000000009,-0.07999999999999963,0.14000000000000012,-0.09999999999999964,0.03750000000000009,-0.009031288228065426,-0.10713660091791322,-0.025134568179997374,-0.011655143591748534,-0.03641944556434386,-0.08140939434374625
2008-04-30,-0.005413555905585454,0.11387457807781143,0.0059174916566171465,-0.2999999999999998,-1.3500000000000005,0.31999999999999984,-0.25,0.40000000000000036,-0.0173500000000002,0.04766254249763402,0.0,0.09504988222900068,-0.08275740907292327,-0.22542547326696089,-0.14530042256762796
2008-05-30,0.0,0.0676236044657097,0.0104782350098509,0.020000000000000018,-0.29000000000000004,0.2899999999999996,0.08999999999999986,0.1999999999999993,-0.014549999999999952,0.015116326529246882,0.22801648028251909,0.08698040245834959,-0.0806929243247397,-0.14052807170668943,-0.08949630763189001
2008-06-30,0.0,-0.0038093815357035377,0.007141444751521009,0.009999999999999787,0.7799999999999994,-0.0699999999999994,0.14000000000000012,0.20000000000000018,0.02815000000000001,-0.08349883167944849,-0.10423057259713708,-0.07609703737530193,0.15653904936226076,0.28753267378115144,0.18459198393438864
2008-07-31,-0.021638112438909896,-0.12521556571942716,-0.0014884757278006422,-0.009999999999999787,0.6500000000000004,0.0,-0.20999999999999996,0.2999999999999998,0.003049999999999997,-0.008986260622414588,-0.010915317114931766,-0.08181782667257753,-0.0827146130253266,-0.04000990839450067,0.016112219661864907
2008-08-29,0.0,-0.10765406702665636,0.0008550916822900323,-0.18999999999999995,0.27999999999999936,-0.16000000000000014,0.3999999999999999,0.0,0.03915000000000002,0.015453993255251763,-0.08089296018465086,-0.07089091840755346,-0.02220332683417145,-0.07782915751823598,-0.02751625757003136
2008-09-30,0.0,-0.26414369416962824,-0.008598436564828615,-0.8400000000000001,2.6800000000000015,0.020000000000000018,0.5800000000000001,0.40000000000000036,0.0006999999999999229,-0.09437300965656037,-0.1520109868550129,-0.1741266886342594,0.41827466233036753,0.5786680606856848,0.5340504183746048
2008-10-31,-0.011226950474447883,-0.2519253361180003,-0.017705477084725474,-0.58,5.210000000000001,0.1599999999999997,0.21999999999999975,0.2999999999999998,0.14805000000000001,-0.16518729423202572,-0.2830040257276386,-0.31354945407293655,0.38567542431574786,0.3568021623092365,0.2896789869757643
2008-11-28,0.0,-0.2824986913278661,-0.008233522399403226,-0.23,3.6099999999999994,-1.0799999999999996,-0.9499999999999997,0.5,0.027349999999999985,-0.06960632511499443,-0.01316553727008729,-0.07631550296938605,-0.06852670886108506,-0.01706372790140253,0.0502658352849517
2008-12-31,0.0,0.014348249027237525,0.0025307713412614508,-0.010000000000000009,-1.6600000000000001,-0.6800000000000002,0.0,0.5,-0.021069999999999922,0.009834969616243194,0.3159374795631418,0.05980023497294762,-0.2616575784029821,-0.33917314326785125,-0.38150153449685864
2009-01-30,-0.0014398974923363062,-0.06281467274035002,0.003642660652187324,0.07,-1.9000000000000021,0.6200000000000001,0.17999999999999972,0.5000000000000009,0.010820000000000052,-0.08211400681944181,0.0,-0.018845721952951977,0.11341978902865336,0.11025105229956662,0.14537142172118872
2009-02-27,0.0,0.22640061396776656,-0.000987282856538485,-0.04000000000000001,1.1700000000000017,0.1499999999999999,0.03000000000000025,0.3999999999999986,0.046680000000000055,-0.1074483617374834,-0.2227909750521817,-0.06402568340378234,-0.0023713984115574984,0.049494892200694404,0.06499910301414065
2009-03-31,0.0,0.03566958698372957,0.0010070825195886979,-0.03,-0.35999999999999943,-0.31000000000000005,0.16999999999999993,0.3000000000000007,-0.016080000000000094,0.08348336325744632,-0.006713984270094064,0.09619727003523781,-0.025619898381868792,-0.012115486213398701,0.06319456394190467
2009-04-30,0.0036411110076657316,0.1889224572004029,0.0014714939189219844,0.03,-3.580000000000002,0.4500000000000002,0.33999999999999986,0.40000000000000036,-0.0677000000000001,0.09934588517456855,0.36243079696150393,0.1630232574715429,-0.14719534778495827,-0.23066813335609226,-0.24591527943744548
2009-05-29,0.0,0.17973911570387946,0.008299612246622345,0.03,-1.6899999999999995,0.31000000000000005,0.43000000000000016,0.09999999999999964,-0.10095999999999994,0.058453877163860524,0.009875259875259834,0.20556961715010624,-0.3420669308263491,-0.1772377863128808,-0.24800316697725006
2009-06-30,0.0,-0.07883400344629521,-0.00029796545463012247,-0.04999999999999999,-1.209999999999999,0.05999999999999961,-0.16000000000000014,0.0,0.07081000000000004,-0.0006730923773019537,0.21948252468067175,-0.024505119106926654,0.19638278690150382,-0.09571348692816224,-0.15608091619107728
2009-07-31,0.010983841042023101,0.10756040530007782,0.0033484533777929926,0.0,-1.33,-0.009999999999999787,0.040000000000000036,0.09999999999999964,-0.08474000000000004,0.07460566870127527,0.08003376304481291,0.08462767107796765,-0.0633672669251996,-0.05067778567140486,0.08210008153673214
2009-08-31,0.0,-0.023082336382828972,0.0019308872334005134,-0.010000000000000009,-0.10000000000000142,-0.1200000000000001,-0.14000000000000012,0.20000000000000107,0.016170000000000018,0.03693944322343001,-0.018543516873889887,0.01831280959770898,0.030305349495328843,-0.014748584105948816,0.003553303231037641
2009-09-30,0.0,0.09090909090909105,0.003001931798703783,-0.03,-1.1899999999999995,-0.08999999999999986,0.040000000000000036,0.1999999999999993,-0.02428000000000008,0.03545732638077914,0.018893875778196012,0.11832106990273394,-0.018337121531759714,-0.0386351826286908,-0.0676003780661714
2009-10-30,0.0038477973969621715,0.029978869519281526,0.0033485905897676638,0.0,-0.2699999999999996,0.10000000000000009,0.03000000000000025,-0.09999999999999964,0.015250000000000208,-0.019225131810044815,0.0,0.003729611597235616,0.11900135760549976,0.13112249535031087,0.11606474448072608
2009-11-30,0.0,-0.04513399153737652,0.0005201763996427466,0.0,-0.009999999999999787,-0.20000000000000018,0.18999999999999995,0.0,-0.028450000000000086,0.06160623073782423,0.018507992895204328,0.11144527670592574,-0.1286979202639769,-0.19894901825444636,-0.17467526692545984
2009-12-31,0.0,0.05183295286692635,0.0006487322116246474,-0.009999999999999995,-1.2600000000000007,0.6400000000000001,0.1299999999999999,-0.09999999999999964,-0.003049999999999997,0.01907217665901806,-0.07575599037354819,0.007960834961113106,-0.03822814664721964,-0.11700489537230471,-0.034803922194692
2010-01-29,0.009220283039828692,-0.02476701136218562,-0.0009517766497462166,0.020000000000000004,0.07000000000000028,-0.2200000000000002,-0.08999999999999986,0.0,0.01719000000000004,-0.036342081335560605,0.0,-0.10818142422178834,0.028975650200787233,0.13833271801312835,-0.0077681896465105794
2010-02-26,0.0,0.06296635685299123,0.00033136813619227823,0.03,0.20000000000000018,-0.020000000000000018,0.0,0.09999999999999964,-0.018690000000000095,0.031194617697385185,0.00400015094909234,0.05466960324622461,-0.10471707758150336,-0.22607868696997255,-0.003906841933992822
2010-03-31,0.0,0.03805418719211828,0.00023004053314190642,0.04000000000000001,-0.8200000000000003,0.22999999999999998,0.10999999999999988,0.0,-0.03644999999999987,0.060904916540674536,0.047810561924450434,0.07385932999848421,-0.1346218469816064,-0.16935484278769225,-0.568462392075716
2010-04-30,0.0073721127418378,-0.125163127298612,-0.0005197720362644098,0.0,-0.22999999999999954,-0.1499999999999999,-0.43000000000000016,-0.3000000000000007,0.0025999999999999357,0.015491183498627104,-0.011407253291243702,-0.008287472395213213,0.20994715673373673,0.2503467674285609,0.35251959194708854
2010-05-31,0.0,0.021697857336588022,-0.00041879515854381655,-0.020000000000000018,1.37,-0.3999999999999999,-0.17999999999999972,-0.1999999999999993,0.02662999999999993,-0.07948193541669779,-0.03846293406872525,-0.10570268999758403,0.2192514140683058,0.3517291472869148,0.2935504698994883
2010-06-30,0.0,0.013007698433766812,0.0018692535416828804,0.0,0.14999999999999947,-0.31999999999999984,-0.22999999999999998,0.0,0.019379999999999953,-0.051735128422852106,0.012000452847277243,-0.015811452098629997,0.029639930464745674,0.12091398807656448,0.08335931835904932
2010-07-30,0.00501902537186294,0.0036687631027254586,0.0014613634796996067,0.010000000000000009,-0.5599999999999996,-0.03000000000000025,-0.31000000000000005,0.09999999999999964,-0.03415999999999997,0.06830125277751264,0.027669015922735518,0.12530215851831694,-0.2433572960984102,-0.34768730744135307,-0.24510821677177877
2010-08-31,0.0,-0.017754569190600478,0.001615249422961318,0.0,0.34999999999999964,-0.46999999999999975,-0.040000000000000036,0.0,0.03585000000000016,-0.04498045264371808,0.019231467034362515,-0.030037554033560454,0.035776173165283864,0.148667458412727,0.102933727991236
2010-09-30,0.0,0.08838383838383845,0.00348184629481163,0.0,-0.6600000000000001,0.05999999999999961,-0.08999999999999986,-0.09999999999999964,-0.03637000000000001,0.08955321099844848,0.05660578874292432,0.11789384212588683,-0.045202358845829085,-0.1575585418541271,-0.07834497705723169
2010-10-29,-0.0024044125233124714,0.02881914763707405,0.0025338416234848005,0.0,-0.4399999999999995,0.10000000000000009,0.20999999999999996,0.40000000000000036,-0.009830000000000005,0.038202183463681205,0.10714646719902943,0.0312629157678308,-0.1067542441064301,-0.0901101103081337,-0.09234239245538202
2010-11-30,0.0,0.058160237388724,0.004016576346828282,-0.010000000000000009,0.39999999999999947,0.18000000000000016,0.5299999999999998,-0.5,0.006999999999999895,2.1409181881315575e-05,0.0,-0.01937756403102031,0.08663680403070917,0.06839399524267731,0.03139812863526681
2010-12-31,0.0,0.00022434099831736276,0.003243042200370194,-0.009999999999999981,-0.8099999999999996,0.48999999999999977,0.0900000000000003,-0.20000000000000107,-0.02839999999999998,0.06682179378526909,-0.10246812136705319,0.06180256770622261,-0.12663265093336604,-0.23218778071448756,-0.17231741765967895
2011-01-31,0.007149733267637126,-0.00661657508130542,0.00321447463006419,-0.010000000000000009,-0.33000000000000007,0.1200000000000001,0.20999999999999996,-0.09999999999999964,0.0029600000000000737,0.02330005314496386,0.02566797775667995,-0.046231002348416705,0.1039240004928311,-0.025525255345266222,-0.03031776653398965
2011-02-28,0.0,0.16121020546398745,0.0051735482068338,-0.01999999999999999,-0.2999999999999998,0.0,-0.14000000000000012,0.0,-0.029380000000000073,0.03473685990093145,0.003570365962511035,0.016547811220771536,-0.03010408825756379,-0.0261938985478439,-0.18899937793656021
2011-03-31,0.0,0.06484542096052892,0.0046940989750992035,-0.04000000000000001,-0.010000000000000675,0.050000000000000266,0.08999999999999986,0.09999999999999964,-0.0009799999999999809,0.00010717952505090445,-0.02137892413611353,0.03006435661807827,-0.034909420893067006,-0.008225083382629127,0.5467552682242565
2011-04-29,-0.00027778662448552094,-0.07879119875833096,0.003181714734507679,-0.010000000000000009,-0.05999999999999961,-0.15000000000000036,-0.27,-0.09999999999999964,-0.025540000000000007,0.028961509030541066,0.07274134913154695,0.007064172740489205,-0.053205731529026905,-0.1722632923296646,0.028671688776935968
2011-05-31,0.0,-0.045986124876114975,0.0,0.0,0.3799999999999999,-0.27,-0.16999999999999993,0.09999999999999964,0.023419999999999996,-0.011214719422441122,0.0,-0.03304331818666251,-0.008049324774625676,0.04075919820009874,-0.0459817880054405
2011-06-30,0.0,0.010804072304176016,0.0026200368317570444,-0.01999999999999999,0.33000000000000007,0.13000000000000034,0.0,-0.09999999999999964,-0.005120000000000013,-0.01688730918040704,0.0,0.0002955837779614612,0.032933465440406165,0.04925655698826171,0.0644645320139386
2011-07-29,0.011592849873899302,-0.11274409044193212,0.003154462166418792,0.03,0.08999999999999986,-0.3600000000000003,-0.6800000000000002,0.0,-0.00814999999999999,-0.020004246492560385,-0.07797546204775796,-0.04048801987338735,0.18149666085702354,0.421359168234397,0.09419968552029773
2011-08-31,0.0,-0.009382601644851163,0.0021715478580843772,-0.020000000000000004,1.79,-0.5899999999999999,-0.30999999999999983,0.0,0.02249000000000001,-0.05497531757168905,-0.13602640893003004,-0.049465845425757715,0.1625388946917874,0.23433044979064796,0.10354067894084036
2011-09-30,0.0,0.009354536950420878,0.0006752075270193281,-0.009999999999999995,1.1100000000000003,-0.31000000000000005,0.15999999999999992,-0.1999999999999993,0.07264000000000004,-0.06944960774949582,0.0,-0.174172173308195,0.1741044592307529,0.3142302719557578,0.18224565834604142
2011-10-31,0.00782992765544499,0.12557924003707144,0.0018478500551268873,0.009999999999999995,-1.3399999999999999,0.25,-0.1299999999999999,-0.20000000000000107,-0.04959000000000002,0.10914703389637781,-0.14893449403237868,0.1700113929044813,-0.2105098157694032,-0.37684672907350775,-0.1590646946296874
2011-11-30,0.0,0.014409221902017322,0.00023770849015480877,-0.009999999999999995,0.7199999999999998,-0.08999999999999986,-0.030000000000000027,-0.09999999999999964,0.016629999999999923,-0.0040639237573456555,0.0,-0.04110749062251351,-0.06645674286925235,-0.02265306850347451,-0.04504856313072561
2011-12-30,0.0,0.017349837662337553,0.0027241960540966836,0.009999999999999995,-0.41000000000000014,-0.19000000000000017,-0.030000000000000027,-0.1999999999999993,0.0038800000000001056,0.010440085315940761,0.0,-0.008301706374058915,-0.1045945255782438,-0.003859832115586625,-0.10182425240608871
2012-01-31,0.004302015113006652,0.01924803031814104,0.002137446124946152,0.020000000000000004,-0.7699999999999996,-0.05999999999999983,-0.06000000000000005,0.0,-0.018710000000000004,0.04637441973396905,0.16231602332685346,0.09137798107016692,-0.05538291928297879,-0.3625366425293471,0.010253870923425298
2012-02-29,0.0,0.03874755381604689,0.002093470387029228,0.03,-0.6299999999999999,0.1499999999999999,0.20999999999999996,-0.10000000000000142,-0.01263000000000003,0.04340590368061603,0.11113765778680373,0.04649277965489107,0.007914448464448323,-0.10052997993198864,-0.26873493497566847
2012-03-30,0.0,-0.026752072343632305,0.0016607883500068255,0.010000000000000009,-0.03000000000000025,0.25,-0.11999999999999988,0.0,0.00880000000000003,0.03215658708336977,0.003977924311926673,-0.020362918347732517,-0.10747142007079112,-0.12524939074395988,-0.11553331592236797
2012-04-30,0.0013494820945763042,-0.08381726674409595,-0.002068180132381081,0.01999999999999999,0.08999999999999986,-0.28,-0.26,0.0,-0.011470000000000091,-0.006675976188998289,-0.011922184543994296,-0.03968142330353275,0.0040554845104191824,0.10433359559398658,-0.02656702738472175
2012-05-31,0.0,-0.13057257553348822,-0.0008263631713106845,0.0,0.9199999999999999,-0.3599999999999999,-0.17999999999999994,0.0,0.04554999999999998,-0.0600556015328646,0.0,-0.1217735849756274,0.1813227310060002,0.33595313606921967,0.26413783868350726
2012-06-29,0.0,0.06804374240583244,0.0002888099280600187,0.0,-0.5999999999999996,0.07999999999999985,-0.10000000000000009,0.0,-0.016249999999999876,0.040566753271902734,0.0,0.0477262171177637,-0.15638139018546898,-0.29772366700833597,-0.1283973494491262
2012-07-31,0.0011387324577960545,0.07087599544937406,0.00580952797585188,-0.03,-0.20000000000000018,-0.15999999999999992,0.15000000000000013,-0.09999999999999964,-0.013430000000000053,0.011792657659333905,-0.13308767746829953,0.013750690154070488,0.006296258797863845,0.049002051022645654,-0.026886084322298897
2012-08-31,0.0,0.0040369701476681286,0.004771266277542319,0.010000000000000009,-0.17999999999999972,0.06000000000000005,0.030000000000000027,-0.2999999999999998,-0.01685000000000003,0.025052880695021207,0.0,-0.010471287443598487,0.0029768921318164524,-0.0793367422365212,-0.01810004164361788
2012-09-28,0.0,-0.053116072373293965,0.0026967945804385884,0.01999999999999999,-0.2600000000000007,0.07999999999999985,0.039999999999999813,0.0,-0.0025199999999999667,0.02535630291908819,0.0,0.024050765132918928,-0.03195058392687852,-0.12106495524149301,-0.019865853741715254
2012-10-31,0.008856750894043808,-0.03307632137669003,-0.0016793444944266378,0.0,-0.08999999999999986,0.07000000000000006,-0.08999999999999986,-0.09999999999999964,0.015680000000000027,-0.018198257582607513,0.0,-0.006106376092350874,0.00916478800028978,0.16904345639380536,0.17356482837421194
2012-11-30,0.0,0.015370391771639902,-0.00012108160467716456,0.0,0.020000000000000462,-0.09999999999999987,0.08999999999999986,0.20000000000000018,-0.0050800000000000844,0.005694889393781155,0.11630620494228427,-0.0158324155979489,-0.09161981448793999,-0.11750980627862255,-0.20375442787836878
2012-12-31,0.0,0.0785340314136127,0.001980788942180789,-0.01999999999999999,-0.3100000000000005,0.15999999999999992,0.19000000000000017,0.09999999999999964,-0.0021999999999999797,0.00896274708700373,0.07592952068090209,0.06465928688886202,0.10022544528563788,0.1218725430208194,0.010286644710275525
2013-01-31,0.0012339647453294411,0.005804136766568213,0.005429926752100966,0.009999999999999981,-0.3899999999999997,0.24,0.039999999999999813,-0.2999999999999998,0.005049999999999999,0.05119027264785303,0.06772604260634241,0.0376377605701983,-0.09532604790864208,-0.2700115900702359,0.019902954793881215
2013-02-28,0.0,-0.024866225999370495,-0.0028119191025899326,-0.009999999999999981,0.03000000000000025,-0.13000000000000012,-0.009999999999999787,-0.20000000000000018,0.03345000000000009,0.012759090698942543,0.0,-0.047044301442224934,0.07642431585868023,0.05198551910318169,-0.07590105135029303
2013-03-29,0.0,-0.009898859479233968,-0.002087979266581219,0.009999999999999981,-0.1200000000000001,-0.029999999999999805,-0.17000000000000015,0.09999999999999964,-0.013290000000000024,0.037975442407909066,0.0,0.00692040863365273,-0.1348258911871683,-0.13784961889955824,-0.10420154315027204
2013-04-30,0.007834151670590872,0.027059334927189926,0.00041415548950163306,-0.039999999999999994,-0.3100000000000005,-0.16000000000000014,0.18999999999999995,-0.09999999999999964,-0.01002000000000014,0.019212376292972566,0.0,-0.007330657091724868,-0.008921992269026445,0.04257810810782484,0.12334454731752972
2013-05-31,0.0,0.013331922547878516,0.002380408205508555,-0.020000000000000004,0.07000000000000028,0.4600000000000002,0.3600000000000001,0.0,0.030160000000000187,0.023578110288700938,-0.04851498017807232,-0.06554455936134418,0.09775135549280482,0.20329668654445912,-0.02963464887967847
2013-06-28,0.0,0.09293098047405257,0.001957452300544338,0.0,0.54,0.3599999999999999,0.29000000000000004,-0.20000000000000018,0.014449999999999852,-0.013330245206419455,0.0,-0.07590132440336583,-0.01158051088980806,0.04711937528438666,0.13499516453750482
2013-07-31,0.007982489383265845,0.01815228814368952,0.0023872906826962748,-0.009999999999999995,-0.4500000000000002,0.08000000000000007,0.16000000000000014,-0.09999999999999964,-0.02425999999999995,0.05167699139188686,-0.10194323964345486,-0.015777382000675355,-0.1672253908734352,-0.2010386807468925,-0.16755063982202528
2013-08-30,0.0,-0.002627381064089218,0.00037694469193350066,0.0,0.07000000000000028,0.17999999999999972,0.08999999999999986,0.0,0.026049999999999907,-0.029992075274612118,-0.03932156982050505,-0.033029275643095435,0.16499611789327645,0.23168992277192074,0.06294827431423622
2013-09-30,0.0,-0.05409728102361466,0.000535231048539142,0.009999999999999995,0.04999999999999982,-0.13999999999999968,-0.2200000000000002,0.0,-0.022849999999999815,0.031680880052480376,0.0,0.09389710554264696,-0.005163522660049157,-0.06741140864832042,-0.11470894777596156
2013-10-31,-0.0025176358431455714,-0.06644121742590026,0.0018444894273523804,-0.009999999999999995,-0.46999999999999975,-0.07000000000000028,0.08000000000000007,-0.2999999999999998,0.012209999999999832,0.04630708414160645,0.15909270841580248,0.039196150340236935,0.0029292689163215426,-0.22391678044333155,-0.07042064030947431
2013-11-29,0.0,0.040166204986149534,0.0026441691584793148,0.009999999999999995,-0.1299999999999999,0.18000000000000016,0.18000000000000016,-0.20000000000000018,0.018299999999999983,0.029637389699489036,0.0,-0.038472522540899945,0.013670752892347395,-0.026122512794762666,0.03626992589259317
2013-12-31,0.0,-0.030830687288743164,0.0024241752904536895,-0.01999999999999999,-0.23000000000000043,0.29000000000000004,-0.010000000000000231,-0.10000000000000053,0.0009000000000001229,0.02589583461025935,0.0,-0.01526858452138502,0.012313556949495747,0.025692682571080507,0.23624989881951017
2014-01-31,0.012538732509606687,0.06552525893045846,0.0011007786202441583,0.0,0.20999999999999996,-0.3700000000000001,-0.1599999999999997,0.10000000000000053,0.050470000000000015,-0.03524795626821131,0.0,-0.10934089964085902,0.0455517805297276,0.2732839888122249,-0.07346715188187264
2014-02-28,0.0,-0.00019837333862327,0.00204205530106516,0.009999999999999995,-0.3999999999999999,-0.009999999999999787,0.009999999999999787,0.0,-0.006369999999999987,0.04551580635483643,0.0,0.025158982223501658,-0.05380029123105377,-0.25581071237685044,-0.18411688941262885
2014-03-31,0.0,0.012599206349206415,0.0018641856050976013,0.009999999999999995,-0.040000000000000036,0.06999999999999984,0.010000000000000231,-0.5,-0.0014499999999999513,0.00831048873975071,-0.06980635907243604,0.08131199682878254,-0.04635904465761225,0.01342865332571056,-0.015848192240023727
2014-04-30,0.01208910624534787,0.0010776917801509356,0.0019030059035471947,0.0,-0.06000000000000005,-0.06000000000000005,-0.15000000000000036,0.09999999999999964,-0.008790000000000076,0.006951367406854869,0.0,0.036094205855461636,-0.04139020360696388,-0.04693694288712789,-0.04099316389276666
2014-05-30,0.0,0.03532981013897052,0.001321132206079767,0.010000000000000009,0.040000000000000036,-0.18999999999999995,0.03000000000000025,-0.20000000000000018,-0.011600000000000055,0.023206590599131216,0.0,-0.012139490410981946,-0.05422101300581103,-0.11909451125419415,0.0009505704137820293
2014-06-30,0.0,-0.020795916438226647,0.001125485286492811,-0.010000000000000009,-0.2200000000000002,0.04999999999999982,-0.050000000000000266,0.10000000000000053,-0.017509999999999915,0.020633199115122736,0.10871241326137238,0.03219912589276208,0.0822432250092333,-0.05305614028400614,-0.012428458258468979
2014-07-31,0.0047185053140939015,-0.06805676223573698,-0.00016000134737970129,0.0,0.5100000000000002,0.050000000000000266,-0.11999999999999966,-0.10000000000000053,0.02356999999999987,-0.013437246161097094,0.0,0.025882314061877132,0.11656611431681471,0.37864256925996803,0.06831924397747723
2014-08-29,0.0,-0.03449347420758253,7.159100480080838e-05,0.0,-0.2400000000000002,-0.22999999999999998,0.11999999999999966,-0.1999999999999993,-0.002769999999999939,0.03946324252317801,0.0,0.0858815665493553,-0.11854186709244102,-0.32312882144752875,-0.035669076206734776
2014-09-30,0.0,-0.09451775560562159,-0.00019791390324119806,0.0,0.6000000000000005,0.16999999999999993,-0.22999999999999998,-0.20000000000000018,0.03194999999999992,-0.013791155470280536,0.0,-0.13447547001891202,0.12061572920607457,0.29355580446387497,-0.006070529966030358
2014-10-31,0.008227150432001507,-0.10201421800947863,-0.0018826601524659647,0.0,-0.10000000000000053,-0.16999999999999993,0.03000000000000025,0.09999999999999964,0.006800000000000139,0.0235508128426396,0.0,-0.004337934757461137,-0.07338497277782859,-0.09596925492612818,0.054239768936996655
2014-11-28,0.0,-0.21770682148040643,-0.0030846094445592387,0.03,0.33999999999999986,-0.16999999999999993,-0.1299999999999999,-0.20000000000000018,0.014990000000000059,0.02747201132698307,0.0,-0.029411321745229646,0.033060862260887995,-0.08488924381606605,-0.01384878063552513
2014-12-31,0.0,-0.20357564513408666,-0.006493066725361096,-0.009999999999999995,0.40000000000000036,-0.010000000000000231,-0.33000000000000007,0.10000000000000053,0.020489999999999897,-0.0025599506995512833,0.0,-0.09764207511576828,0.14851726385232736,0.2906382250397683,0.11141502456653272
2015-01-30,0.00824613798964502,0.0711562897077509,0.002206903603473087,0.0,0.33000000000000007,-0.49,0.10999999999999988,-0.20000000000000018,0.11114000000000002,-0.0296292742518669,0.0,-0.053755014506140064,0.027089692646664273,0.1897281912415138,0.08815090186408535
2015-02-27,0.0,-0.05456702253855272,0.0032690574571918596,0.0,-0.9400000000000004,0.32000000000000006,0.04999999999999982,-0.09999999999999964,-0.021730000000000027,0.056204249585681154,0.0,0.05614415855156052,-0.18209886444251674,-0.44757659345829115,-0.18749334519634864
2015-03-31,0.0,0.1386449184441656,0.0006398169530306141,0.009999999999999995,0.39000000000000057,-0.06000000000000005,-0.08999999999999986,0.0,0.017089999999999828,-0.01574451647768238,0.0,-0.07675270947585255,-0.05403938821295164,0.17764169290285703,0.12162748812169824
2015-04-30,0.0024011571171147494,0.0885215794306704,0.003463812056437199,0.0,-0.23000000000000043,0.10999999999999988,0.26000000000000023,0.1999999999999993,-0.06091999999999986,0.009833838178012089,0.4118153520100669,0.09710348279635461,0.014524710680691272,-0.0626923230700452,-0.11189720347912216
2015-05-29,0.0,0.009279568078285783,0.002996109277811243,0.010000000000000009,-0.07000000000000028,0.07000000000000028,0.1599999999999997,-0.2999999999999998,0.037719999999999976,0.012855959722893884,0.0,-0.07267145561326027,-0.00854929747055033,-0.06729170861567904,-0.04639426901416769
2015-06-30,0.0,-0.14911400869274494,0.0015524814459533243,0.0,0.4800000000000004,0.22999999999999998,-0.04999999999999982,-0.09999999999999964,0.004060000000000175,-0.02029045663545248,0.0,0.008599505384504713,0.14310084364067324,0.232889510619193,0.11074020998965138
2015-07-31,0.000999093859773037,-0.15776031434184679,-0.00010501863030498715,0.010000000000000009,0.3600000000000003,-0.1499999999999999,-0.18999999999999995,-0.10000000000000053,0.059659999999999824,0.022589055679309578,0.0,-0.08959758796681894,-0.2168988531895752,-0.34678492872685696,-0.11675178878763803
2015-08-31,0.0,0.06088173547935627,-0.0021930193086526772,0.0,0.33999999999999986,0.009999999999999787,0.04999999999999982,-0.09999999999999964,0.004870000000000152,-0.06095011189928423,0.0,-0.09694188730868991,0.4463097396104579,0.7173419091470022,0.41775782590219235
2015-09-30,0.0,0.016270888302550635,0.001157865485503562,-0.020000000000000018,0.9199999999999999,-0.1499999999999999,-0.10000000000000009,0.0,0.017329999999999846,-0.02543011720533117,0.0,-0.0771422980786225,-0.14095787634269488,-0.09464638953766845,-0.09812415364380904
2015-10-30,0.0038467079795316828,-0.08178277801817402,0.0009883043640996902,0.0,-0.7400000000000002,0.10000000000000009,0.08000000000000007,0.09999999999999964,-0.023309999999999942,0.08505989680613579,0.0,0.04776805408788265,-0.17766187121184812,-0.45637430416182034,-0.269430953779742
2015-11-30,0.0,-0.12370405278039587,-0.0008360782468405104,0.12,0.5200000000000005,0.04999999999999982,-0.1200000000000001,-0.09999999999999964,0.028240000000000043,0.003655139367625626,0.0,-0.03503807350978039,0.026541531782867105,0.10178269430994238,-0.018251118672038973
2015-12-31,0.0,-0.14815810701801557,6.727862179745081e-05,0.10000000000000003,0.5499999999999998,0.06000000000000005,-0.17999999999999972,-0.09999999999999964,0.047660000000000036,-0.017179326805126127,0.0,-0.057250901415882516,0.04859766768189862,0.08920575333936769,0.08356128731524201
2016-01-29,0.0056559883958420265,-0.04292929292929293,-0.0015304856769245978,0.03999999999999998,0.79,-0.33000000000000007,-0.3600000000000001,0.0,0.013709999999999889,-0.04978271346028573,-0.4283201200919454,-0.031619546498277806,0.008740376120810725,0.11382711074608098,0.15190494872564064
2016-02-29,0.0,0.23845646437994716,0.002396102228080288,-0.020000000000000018,0.009999999999999787,-0.19999999999999996,0.1200000000000001,0.09999999999999964,-0.04357000000000011,-0.0008298701356617144,0.0,0.016083317587168855,0.029039880105284344,0.052128166622771956,-0.06754860838006328
2016-03-31,0.0,0.08521970705725712,0.003314596829077754,0.010000000000000009,-0.7000000000000002,0.040000000000000036,-0.010000000000000009,0.0,-0.05361999999999978,0.06724244543951086,0.0,0.2067143607245996,-0.1367781142746261,-0.39850203766109954,-0.21576484032238089
2016-04-29,0.004779064656371457,0.14625766871165635,0.0026672026194694,0.0,-0.8099999999999996,0.050000000000000044,-0.050000000000000044,-0.20000000000000018,-0.044810000000000016,0.00394513235981786,0.0,0.07829841753314049,0.04440001019853049,0.11126777319674011,0.03836846870701796
2016-05-31,0.0,0.04388781845429235,0.002935723114956712,0.010000000000000009,-0.27000000000000046,0.010000000000000009,-0.15999999999999992,0.10000000000000053,0.053670000000000107,0.017007566534265273,0.0,-0.12900902617619114,-0.055686039705721786,-0.1193064016931754,0.07679305860591638
2016-06-30,0.0,-0.08429040196882687,-7.078407941141229e-05,0.010000000000000009,0.2400000000000002,-0.3500000000000001,-0.17000000000000015,-0.10000000000000053,-0.016820000000000057,0.0034733147181340573,0.0,0.11935112317977947,0.07517606632120373,0.06484113878248897,-0.022511037635534366
2016-07-29,0.004375743538958865,0.0015677491601344684,0.0018821569852176534,0.010000000000000009,-0.5999999999999996,-0.030000000000000027,0.06000000000000005,0.10000000000000053,0.010559999999999903,0.03649607951473621,0.0,0.05819608519444697,-0.12019861632049904,-0.24136837709546458,-0.06798086532854408
2016-08-31,0.0,0.010286225402504456,0.0018661524010605834,0.0,-0.5100000000000007,0.1200000000000001,0.08000000000000007,0.09999999999999964,0.007479999999999931,0.0011975074660741658,0.0,0.01258158883302496,0.03898544671295359,0.10024393356334473,0.05501051488591646
2016-09-30,0.0,0.10181496237273135,0.0026550398048545976,0.0,-0.1299999999999999,0.020000000000000018,0.08999999999999986,-0.09999999999999964,0.0022300000000001763,7.795048856729103e-05,0.0,-0.004616552527032747,-0.013762084634841108,0.026221145496674054,-0.030934857361526315
2016-10-31,0.004433039804747851,-0.08276416231418249,0.001398479877198655,0.009999999999999953,-0.05999999999999961,0.24,0.26,-0.20000000000000018,0.028209999999999846,-0.017337268691910546,0.0,0.10806105619455186,0.08921615977726856,0.22509328278423196,0.00804653425121389
2016-11-30,0.0,0.13819535698642138,0.0030698800556958616,0.13000000000000006,-0.2400000000000002,0.53,0.29000000000000004,0.0,0.0028200000000000447,0.03683849547459883,0.0,-0.09526809123322444,-0.08135379726961574,-0.25436786576779646,0.07089074288278259
2016-12-30,0.0,0.010198191264190859,0.004152043893035584,0.10999999999999999,-0.45999999999999996,0.08000000000000007,-0.07000000000000006,0.0,0.000320000000000098,0.020283399090615717,0.0,-0.008392585921853657,0.013998327603839164,0.05606563698549173,-0.09979971178815485
2017-01-31,0.007396676363233823,0.018476190476190535,0.00074247272130612,0.010000000000000009,-0.20999999999999996,0.0,-0.020000000000000018,0.0,-0.04103000000000012,0.017894553282788994,0.0,0.09789819260287413,-0.00619729991728435,-0.19906566909324042,0.06605547264274111
2017-02-28,0.0,-0.07742659435197308,-0.0008689913551757078,0.13,-0.2599999999999998,-0.0900000000000003,-0.15999999999999992,-0.2999999999999998,0.027020000000000044,0.039291448945884655,0.0,0.02906280479523926,0.013379273332544786,0.07755823434587444,0.07159209318423183
2017-03-31,0.0,0.035069937157916176,0.0012389794419669364,0.10999999999999999,0.17999999999999972,0.040000000000000036,-0.24,0.0,0.0017300000000000093,0.0012582382908246093,0.0,0.017650658060491153,-0.009587472856983881,-0.10050086694804071,0.09371145844062781
2017-04-28,0.006984826467131278,-0.05052878965922458,-0.00036467787470650936,0.010000000000000009,-0.16999999999999993,-0.10999999999999988,-0.09000000000000008,0.0,0.03346999999999989,0.00992596763409792,0.0,-0.010407652713558369,-0.021913920394550878,-0.11984808543515321,-0.09771306442063536
2017-05-31,0.0,-0.06806930693069302,0.000901779785376311,0.13,-0.009999999999999787,-0.08000000000000007,-0.20999999999999996,-0.10000000000000053,-0.015249999999999986,0.014113068526545147,0.0,-0.03409840909036754,-0.011851204419062998,-0.008172841755874134,-0.023530497410194046
2017-06-30,0.0,0.03209384683488281,0.0008518236397441203,0.10999999999999988,0.029999999999999805,0.10000000000000009,0.040000000000000036,0.0,-0.053609999999999935,0.006374321866317922,0.0,0.00956865801976381,-0.015059445590231374,0.06193401864732653,-0.21537413991537643
2017-07-31,0.0056793715391718624,0.030238044177568035,0.0037112811489832254,0.010000000000000009,-0.16000000000000014,-0.010000000000000231,-0.050000000000000044,0.10000000000000053,-0.04844000000000004,0.020554060499671456,0.0,0.08916716552844739,-0.0059788202377466584,-0.10811913809690604,-0.10796630651654102
2017-08-31,0.0,0.03705245628642806,0.004569970280924762,-0.010000000000000009,0.2400000000000002,-0.17999999999999972,-0.030000000000000027,-0.20000000000000018,0.00021000000000004349,0.002917817082627394,0.6924875887252286,0.04699859565055475,0.014791034443542333,0.0869602195526064,0.20955188528328467
2017-09-29,0.0,0.03532717784022488,0.0006858265224130022,0.0,-0.31000000000000005,0.20999999999999996,0.1200000000000001,-0.10000000000000053,-0.0009699999999999154,0.020140910965692482,0.0,0.016217849276207064,-0.0584336486401295,-0.19443742713452722,-0.009242209964820985
2017-10-31,0.005498591454078605,0.09810003877471885,0.0030212460510894434,0.010000000000000009,-0.03000000000000025,0.04999999999999982,-0.16999999999999993,0.10000000000000053,0.041629999999999834,0.023563985704350365,0.0,-0.032774096150561816,0.061651384702112955,0.08763774719488819,-0.10980657581740254
2017-11-30,0.0,0.021892655367231617,0.0023005514854528286,0.14000000000000012,0.10000000000000009,0.040000000000000036,-0.040000000000000036,-0.10000000000000053,0.0008700000000001484,0.03056573928787154,0.125015151147851,-0.04006905977987185,0.017514821907332685,0.12409439273710943,0.1666554400495552
2017-12-29,0.0,0.1005528680027643,0.003965292596641357,0.10999999999999988,-0.029999999999999805,-0.020000000000000018,0.08999999999999986,0.0,-0.03259999999999996,0.012086952144170438,0.00667988277883147,0.05840100646755331,0.06763570167923524,-0.16434255902492023,-0.1112256351102245
2018-01-31,0.010238669440666426,-0.023076923076923217,0.0019486989923018783,0.010000000000000009,-0.29000000000000004,0.3200000000000003,0.1200000000000001,0.0,-0.025620000000000198,0.056358898138986646,0.0980564236482726,0.13871765768587907,-0.03740626453920214,0.42013318817579626,0.16626191577660931
2018-02-28,0.0,0.008034709946970864,0.0005173056795348963,0.09000000000000008,0.18000000000000016,0.1499999999999999,-0.15999999999999992,-0.09999999999999964,0.05166000000000004,-0.036360299409432084,0.0,-0.032382362861088976,0.2161427543442357,0.24959989721366546,0.10136749812378253
2018-03-30,0.0,0.05611350231149381,0.0018356860576036471,0.17999999999999994,0.25,-0.14000000000000012,-0.030000000000000027,-0.10000000000000009,0.006820000000000048,-0.027415618409640463,0.0,-0.0021244900542318756,-0.10376252422087032,0.11641035184441137,0.09646888899575211
2018-04-30,0.008286544592421619,0.05630188679245296,0.002760485845508809,0.010000000000000009,-0.26000000000000023,0.2200000000000002,0.0,-0.10000000000000009,-0.005640000000000089,0.005168272147137998,0.0,-0.0234230472012551,-0.06210838628427928,-0.2100868984527361,0.24390740905928113
2018-05-31,0.0,-0.03015147184909972,0.0019469690320212951,0.1200000000000001,0.16999999999999993,-0.1200000000000001,-0.1100000000000001,0.20000000000000018,0.011430000000000051,0.024308973335870343,0.0,-0.14445259281313882,0.016051709010507825,-0.15463937867632474,-0.6119349900953147
2018-06-29,0.0,0.04582289671430684,0.0018436372613823693,0.08999999999999986,-0.020000000000000018,0.020000000000000018,-0.06999999999999995,-0.10000000000000009,0.01760000000000006,0.005755228932404766,0.0,-0.040962183902408245,-0.014111844192681201,0.06739478884560535,-0.06506359334706201
2018-07-31,0.005372791056274195,-0.04113834883065659,0.0011208400736097968,0.0,-0.1499999999999999,0.10999999999999988,-0.08000000000000007,-0.10000000000000009,-0.012739999999999974,0.03704661391318975,0.0,0.11253662207480031,-0.006806054468999502,-0.23359380718903797,0.09845648549368965
2018-08-31,0.0,0.03188363208933298,0.000520090996073419,0.040000000000000036,0.03000000000000025,-0.10000000000000009,0.010000000000000009,-0.09999999999999964,0.0034399999999998876,0.03191984803641934,0.0,-0.08323154313934089,0.038595126645547005,-0.02247285585205863,-0.05830698595506695
2018-09-28,0.0,0.007404243200911154,0.0031109876592199104,0.24,-0.25,0.18999999999999995,0.030000000000000027,0.09999999999999964,-0.01322000000000001,0.005948168937168319,0.0,0.040093123209169024,-0.05416283145891806,-0.014568415828290498,0.022943649821140583
2018-10-31,0.007581084958286688,-0.1949116607773852,-0.00013449686305855302,0.010000000000000231,0.5699999999999998,0.10000000000000009,-0.10999999999999999,-0.09999999999999964,0.02487000000000017,-0.06910430034779935,-0.27041462796545745,0.04810475882192233,0.1197079640659679,0.6486715945683055,0.5824580067032621
2018-11-30,0.0,-0.1306179775280898,-0.0001463839215064544,0.06999999999999984,0.48,-0.14000000000000012,-0.33,0.19999999999999973,0.013509999999999911,0.01854940423875573,0.041948326074758846,-0.0237085062808704,-0.086731695824333,-0.109937182685238,-0.311181969638591
2018-12-31,0.0,0.03756058158319875,-0.0001978450714814617,0.1299999999999999,1.04,-0.31999999999999984,-0.13,0.10000000000000009,0.034480000000000066,-0.08793617193089243,0.0,-0.02616659300324642,0.15154490450655134,0.31817568301442156,0.32404300338852166
2019-01-31,0.0,0.06948228882833796,0.0017413811527151601,0.0,-0.96,-0.06000000000000005,-0.04999999999999999,-0.20000000000000018,-0.05120999999999998,0.08006553559626362,0.0,0.148604564366974,-0.1605337290749845,-0.46162944707520426,-0.42731714232457196
2019-02-28,0.0,0.058234758871701375,0.0040890827417003894,0.010000000000000231,-0.4500000000000002,0.10000000000000009,-0.12,0.0,0.004669999999999952,0.03241603461014919,0.0,-0.03898419651757756,0.005467130517272899,-0.14443220277441432,-0.13788791788083787
2019-03-29,0.0,0.09819432502149605,0.003187119316303999,0.009999999999999787,0.07000000000000028,-0.31999999999999984,-0.01999999999999999,-0.19999999999999973,0.017749999999999932,0.018078870399886204,0.0,-0.023221497521523582,-0.1082868943922953,-0.009012760721508141,0.016607736399660546
2019-04-30,0.0,-0.04744754149702479,0.0007726762839370682,-0.029999999999999805,-0.26000000000000023,0.09999999999999964,-0.1,0.0,0.003940000000000055,0.04085239665480889,0.161268815549914,0.009329079762991022,0.08180066011220338,-0.10810777013296502,0.06600802911693106
2019-05-31,0.0,0.0,0.0,0.009999999999999787,0.8599999999999999,-0.36999999999999966,0.0,0.0,0.012790000000000079,-0.06377120013873205,0.02053614803692083,-0.034585542959364,-0.00032938076714112004,0.46119604273553977,0.09970579127736301
